-- phpMyAdmin SQL Dump
-- version 5.2.1
-- https://www.phpmyadmin.net/
--
-- Host: 127.0.0.1
-- Generation Time: Dec 30, 2023 at 03:18 PM
-- Server version: 10.4.28-MariaDB
-- PHP Version: 8.2.4

SET SQL_MODE = "NO_AUTO_VALUE_ON_ZERO";
START TRANSACTION;
SET time_zone = "+00:00";


/*!40101 SET @OLD_CHARACTER_SET_CLIENT=@@CHARACTER_SET_CLIENT */;
/*!40101 SET @OLD_CHARACTER_SET_RESULTS=@@CHARACTER_SET_RESULTS */;
/*!40101 SET @OLD_COLLATION_CONNECTION=@@COLLATION_CONNECTION */;
/*!40101 SET NAMES utf8mb4 */;

--
-- Database: `condo`
--
CREATE DATABASE IF NOT EXISTS `condo` DEFAULT CHARACTER SET utf8mb4 COLLATE utf8mb4_general_ci;
USE `condo`;

-- --------------------------------------------------------

--
-- Table structure for table `admin`
--

CREATE TABLE `admin` (
  `adminID` int(10) NOT NULL,
  `adminFName` varchar(50) NOT NULL,
  `adminLName` varchar(30) NOT NULL,
  `adminPassword` varchar(50) NOT NULL,
  `adminAge` int(3) NOT NULL,
  `adminPosition` varchar(50) NOT NULL,
  `adminPhone` varchar(12) NOT NULL,
  `adminEmail` varchar(50) NOT NULL,
  `adminGender` varchar(10) NOT NULL,
  `code` int(6) NOT NULL,
  `adminStatus` varchar(30) NOT NULL,
  `accountStatus` varchar(20) NOT NULL
) ENGINE=InnoDB DEFAULT CHARSET=utf8mb4 COLLATE=utf8mb4_general_ci;

--
-- Dumping data for table `admin`
--

INSERT INTO `admin` (`adminID`, `adminFName`, `adminLName`, `adminPassword`, `adminAge`, `adminPosition`, `adminPhone`, `adminEmail`, `adminGender`, `code`, `adminStatus`, `accountStatus`) VALUES
(1, 'Super', 'Admin', 'a43c27c2babefd68df8a694900f30a1c', 30, 'Admin', '0128888888', 'admin1@gmail.com', 'Male', 0, 'Available', 'Verified'),
(2, 'Super', 'Admin2', 'a43c27c2babefd68df8a694900f30a1c', 30, 'Admin', '0128888888', 'admin2@gmail.com', 'Male', 0, 'Available', 'Verified'),
(3, 'Tan', 'Wei Hong', '2077e6ea547bc30eebe87727b9a3250b', 27, 'Manager', '0113479504', 'tanwh@gmail.com', 'Male', 0, 'Available', 'Verified'),
(4, 'Yong', 'Wei Chong', '2077e6ea547bc30eebe87727b9a3250b', 20, 'Staff', '0127782098', 'yongwc@gmail.com', 'Female', 0, 'Unavailable', 'Verified'),
(5, 'Yan', 'Xiao Mei', '2077e6ea547bc30eebe87727b9a3250b', 24, 'Staff', '0112489289', 'woshiqing1@gmail.com', 'Female', 0, 'Unavailable', 'Verified'),
(6, 'Kong', 'Hen Meng', '7a2d48597152d397e5ccfd8c1241fd70', 21, 'Staff', '0123489234', 'lowhanqing02@gmail.com', 'Male', 0, 'Available', 'Verified'),
(7, 'Chin', 'DEll', 'a43c27c2babefd68df8a694900f30a1c', 20, 'Manager', '0122233445', 'chinyongcheng@gmail.com', 'Male', 0, 'Available', 'Verified'),
(8, 'Shi', 'Kin Ni', '65b8ecad75f146cffbe8b6d358730f35', 26, 'Manager', '0122233445', 'lowhanqing03@gmail.com', 'Male', 0, 'Available', 'Verified');

-- --------------------------------------------------------

--
-- Table structure for table `announcement`
--

CREATE TABLE `announcement` (
  `announcementID` int(5) NOT NULL,
  `announcementDate` date NOT NULL,
  `announcementTime` varchar(10) NOT NULL,
  `announcementType` varchar(30) NOT NULL,
  `announcementTitle` varchar(50) NOT NULL,
  `announcementMSG` text NOT NULL,
  `condoID` int(5) NOT NULL
) ENGINE=InnoDB DEFAULT CHARSET=utf8mb4 COLLATE=utf8mb4_general_ci;

--
-- Dumping data for table `announcement`
--

INSERT INTO `announcement` (`announcementID`, `announcementDate`, `announcementTime`, `announcementType`, `announcementTitle`, `announcementMSG`, `condoID`) VALUES
(1, '2023-12-13', '10:13:05pm', 'Notice', 'Notice 1.0', 'DEC 13, 2023\r\n\r\nCondoMS Resident Interaction Event\r\n\r\nCondoMS will be hosting a gathering for our community, welcoming a group of residents from another condominium for an engaging and enjoyable program.\r\n\r\nWe are seeking around 15 volunteers to assist in organizing games and fun activities with our fellow residents on:\r\n\r\nDATE: 2024-01-06 (Saturday)\r\nTIME: 10:30 am - 4:30 pm\r\nParticipation will earn you Community Involvement Points, and lunch will be provided.\r\n\r\nThis is a fantastic opportunity to connect with neighbors, build a sense of community, and make new friends. Your active participation will contribute to a memorable and enjoyable event for everyone.\r\n\r\nJoin us for a day of fun and camaraderie! Your presence and enthusiasm will make a difference in creating a vibrant condo community.\r\n\r\nCondoMS Management', 1),
(2, '2023-12-14', '10:13:05pm', 'Maintain', 'Maintain Facilities', 'DEC 14, 2023\r\n\r\nCondoMS Resident Interaction Event\r\n\r\nCondoMS will be hosting a gathering for our community, welcoming a group of residents from another condominium for an engaging and enjoyable program.\r\n\r\nWe are seeking around 15 volunteers to assist in organizing games and fun activities with our fellow residents on:\r\n\r\nDATE: 2024-01-06 (Saturday)\r\nTIME: 10:30 am - 4:30 pm\r\nParticipation will earn you Community Involvement Points, and lunch will be provided.\r\n\r\nThis is a fantastic opportunity to connect with neighbors, build a sense of community, and make new friends. Your active participation will contribute to a memorable and enjoyable event for everyone.\r\n\r\nJoin us for a day of fun and camaraderie! Your presence and enthusiasm will make a difference in creating a vibrant condo community.\r\n\r\nCondoMS Management', 1),
(3, '2023-12-15', '10:14:05pm', 'Notice', 'New Update', 'DEC 15, 2023\r\n\r\nCondoMS Resident Interaction Event\r\n\r\nCondoMS will be hosting a gathering for our community, welcoming a group of residents from another condominium for an engaging and enjoyable program.\r\n\r\nWe are seeking around 15 volunteers to assist in organizing games and fun activities with our fellow residents on:\r\n\r\nDATE: 2024-01-06 (Saturday)\r\nTIME: 10:30 am - 4:30 pm\r\nParticipation will earn you Community Involvement Points, and lunch will be provided.\r\n\r\nThis is a fantastic opportunity to connect with neighbors, build a sense of community, and make new friends. Your active participation will contribute to a memorable and enjoyable event for everyone.\r\n\r\nJoin us for a day of fun and camaraderie! Your presence and enthusiasm will make a difference in creating a vibrant condo community.\r\n\r\nCondoMS Management', 1),
(4, '2023-12-16', '10:13:05pm', 'Notice', 'New Update 2.0', 'DEC 16, 2023\r\n\r\nCondoMS Resident Interaction Event\r\n\r\nCondoMS will be hosting a gathering for our community, welcoming a group of residents from another condominium for an engaging and enjoyable program.\r\n\r\nWe are seeking around 15 volunteers to assist in organizing games and fun activities with our fellow residents on:\r\n\r\nDATE: 2024-01-06 (Saturday)\r\nTIME: 10:30 am - 4:30 pm\r\nParticipation will earn you Community Involvement Points, and lunch will be provided.\r\n\r\nThis is a fantastic opportunity to connect with neighbors, build a sense of community, and make new friends. Your active participation will contribute to a memorable and enjoyable event for everyone.\r\n\r\nJoin us for a day of fun and camaraderie! Your presence and enthusiasm will make a difference in creating a vibrant condo community.\r\n\r\nCondoMS Management', 1),
(5, '2023-12-13', '10:13:05pm', 'Notice', 'Notice 1.0', 'DEC 13, 2023\r\n\r\nCondoMS Resident Interaction Event\r\n\r\nCondoMS will be hosting a gathering for our community, welcoming a group of residents from another condominium for an engaging and enjoyable program.\r\n\r\nWe are seeking around 15 volunteers to assist in organizing games and fun activities with our fellow residents on:\r\n\r\nDATE: 2024-01-06 (Saturday)\r\nTIME: 10:30 am - 4:30 pm\r\nParticipation will earn you Community Involvement Points, and lunch will be provided.\r\n\r\nThis is a fantastic opportunity to connect with neighbors, build a sense of community, and make new friends. Your active participation will contribute to a memorable and enjoyable event for everyone.\r\n\r\nJoin us for a day of fun and camaraderie! Your presence and enthusiasm will make a difference in creating a vibrant condo community.\r\n\r\nCondoMS Management', 2),
(6, '2023-12-14', '10:13:05pm', 'Maintain', 'Maintain Facilities', 'DEC 14, 2023\r\n\r\nCondoMS Resident Interaction Event\r\n\r\nCondoMS will be hosting a gathering for our community, welcoming a group of residents from another condominium for an engaging and enjoyable program.\r\n\r\nWe are seeking around 15 volunteers to assist in organizing games and fun activities with our fellow residents on:\r\n\r\nDATE: 2024-01-06 (Saturday)\r\nTIME: 10:30 am - 4:30 pm\r\nParticipation will earn you Community Involvement Points, and lunch will be provided.\r\n\r\nThis is a fantastic opportunity to connect with neighbors, build a sense of community, and make new friends. Your active participation will contribute to a memorable and enjoyable event for everyone.\r\n\r\nJoin us for a day of fun and camaraderie! Your presence and enthusiasm will make a difference in creating a vibrant condo community.\r\n\r\nCondoMS Management', 2),
(7, '2023-12-15', '10:14:05pm', 'Notice', 'New Update', 'DEC 15, 2023\r\n\r\nCondoMS Resident Interaction Event\r\n\r\nCondoMS will be hosting a gathering for our community, welcoming a group of residents from another condominium for an engaging and enjoyable program.\r\n\r\nWe are seeking around 15 volunteers to assist in organizing games and fun activities with our fellow residents on:\r\n\r\nDATE: 2024-01-06 (Saturday)\r\nTIME: 10:30 am - 4:30 pm\r\nParticipation will earn you Community Involvement Points, and lunch will be provided.\r\n\r\nThis is a fantastic opportunity to connect with neighbors, build a sense of community, and make new friends. Your active participation will contribute to a memorable and enjoyable event for everyone.\r\n\r\nJoin us for a day of fun and camaraderie! Your presence and enthusiasm will make a difference in creating a vibrant condo community.\r\n\r\nCondoMS Management', 2),
(8, '2023-12-16', '10:13:05pm', 'Notice', 'New Update 2.0', 'DEC 16, 2023\r\n\r\nCondoMS Resident Interaction Event\r\n\r\nCondoMS will be hosting a gathering for our community, welcoming a group of residents from another condominium for an engaging and enjoyable program.\r\n\r\nWe are seeking around 15 volunteers to assist in organizing games and fun activities with our fellow residents on:\r\n\r\nDATE: 2024-01-06 (Saturday)\r\nTIME: 10:30 am - 4:30 pm\r\nParticipation will earn you Community Involvement Points, and lunch will be provided.\r\n\r\nThis is a fantastic opportunity to connect with neighbors, build a sense of community, and make new friends. Your active participation will contribute to a memorable and enjoyable event for everyone.\r\n\r\nJoin us for a day of fun and camaraderie! Your presence and enthusiasm will make a difference in creating a vibrant condo community.\r\n\r\nCondoMS Management', 2),
(9, '2023-12-13', '10:13:05pm', 'Notice', 'Notice 1.0', 'DEC 13, 2023\r\n\r\nCondoMS Resident Interaction Event\r\n\r\nCondoMS will be hosting a gathering for our community, welcoming a group of residents from another condominium for an engaging and enjoyable program.\r\n\r\nWe are seeking around 15 volunteers to assist in organizing games and fun activities with our fellow residents on:\r\n\r\nDATE: 2024-01-06 (Saturday)\r\nTIME: 10:30 am - 4:30 pm\r\nParticipation will earn you Community Involvement Points, and lunch will be provided.\r\n\r\nThis is a fantastic opportunity to connect with neighbors, build a sense of community, and make new friends. Your active participation will contribute to a memorable and enjoyable event for everyone.\r\n\r\nJoin us for a day of fun and camaraderie! Your presence and enthusiasm will make a difference in creating a vibrant condo community.\r\n\r\nCondoMS Management', 3),
(10, '2023-12-14', '10:13:05pm', 'Maintain', 'Maintain Facilities', 'DEC 14, 2023\r\n\r\nCondoMS Resident Interaction Event\r\n\r\nCondoMS will be hosting a gathering for our community, welcoming a group of residents from another condominium for an engaging and enjoyable program.\r\n\r\nWe are seeking around 15 volunteers to assist in organizing games and fun activities with our fellow residents on:\r\n\r\nDATE: 2024-01-06 (Saturday)\r\nTIME: 10:30 am - 4:30 pm\r\nParticipation will earn you Community Involvement Points, and lunch will be provided.\r\n\r\nThis is a fantastic opportunity to connect with neighbors, build a sense of community, and make new friends. Your active participation will contribute to a memorable and enjoyable event for everyone.\r\n\r\nJoin us for a day of fun and camaraderie! Your presence and enthusiasm will make a difference in creating a vibrant condo community.\r\n\r\nCondoMS Management', 3),
(11, '2023-12-15', '10:14:05pm', 'Notice', 'New Update', 'DEC 15, 2023\r\n\r\nCondoMS Resident Interaction Event\r\n\r\nCondoMS will be hosting a gathering for our community, welcoming a group of residents from another condominium for an engaging and enjoyable program.\r\n\r\nWe are seeking around 15 volunteers to assist in organizing games and fun activities with our fellow residents on:\r\n\r\nDATE: 2024-01-06 (Saturday)\r\nTIME: 10:30 am - 4:30 pm\r\nParticipation will earn you Community Involvement Points, and lunch will be provided.\r\n\r\nThis is a fantastic opportunity to connect with neighbors, build a sense of community, and make new friends. Your active participation will contribute to a memorable and enjoyable event for everyone.\r\n\r\nJoin us for a day of fun and camaraderie! Your presence and enthusiasm will make a difference in creating a vibrant condo community.\r\n\r\nCondoMS Management', 3),
(12, '2023-12-16', '10:13:05pm', 'Notice', 'New Update 2.0', 'DEC 16, 2023\r\n\r\nCondoMS Resident Interaction Event\r\n\r\nCondoMS will be hosting a gathering for our community, welcoming a group of residents from another condominium for an engaging and enjoyable program.\r\n\r\nWe are seeking around 15 volunteers to assist in organizing games and fun activities with our fellow residents on:\r\n\r\nDATE: 2024-01-06 (Saturday)\r\nTIME: 10:30 am - 4:30 pm\r\nParticipation will earn you Community Involvement Points, and lunch will be provided.\r\n\r\nThis is a fantastic opportunity to connect with neighbors, build a sense of community, and make new friends. Your active participation will contribute to a memorable and enjoyable event for everyone.\r\n\r\nJoin us for a day of fun and camaraderie! Your presence and enthusiasm will make a difference in creating a vibrant condo community.\r\n\r\nCondoMS Management', 3),
(13, '2023-12-13', '10:13:05pm', 'Notice', 'Notice 1.0', 'DEC 13, 2023\r\n\r\nCondoMS Resident Interaction Event\r\n\r\nCondoMS will be hosting a gathering for our community, welcoming a group of residents from another condominium for an engaging and enjoyable program.\r\n\r\nWe are seeking around 15 volunteers to assist in organizing games and fun activities with our fellow residents on:\r\n\r\nDATE: 2024-01-06 (Saturday)\r\nTIME: 10:30 am - 4:30 pm\r\nParticipation will earn you Community Involvement Points, and lunch will be provided.\r\n\r\nThis is a fantastic opportunity to connect with neighbors, build a sense of community, and make new friends. Your active participation will contribute to a memorable and enjoyable event for everyone.\r\n\r\nJoin us for a day of fun and camaraderie! Your presence and enthusiasm will make a difference in creating a vibrant condo community.\r\n\r\nCondoMS Management', 4),
(14, '2023-12-14', '10:13:05pm', 'Maintain', 'Maintain Facilities', 'DEC 14, 2023\r\n\r\nCondoMS Resident Interaction Event\r\n\r\nCondoMS will be hosting a gathering for our community, welcoming a group of residents from another condominium for an engaging and enjoyable program.\r\n\r\nWe are seeking around 15 volunteers to assist in organizing games and fun activities with our fellow residents on:\r\n\r\nDATE: 2024-01-06 (Saturday)\r\nTIME: 10:30 am - 4:30 pm\r\nParticipation will earn you Community Involvement Points, and lunch will be provided.\r\n\r\nThis is a fantastic opportunity to connect with neighbors, build a sense of community, and make new friends. Your active participation will contribute to a memorable and enjoyable event for everyone.\r\n\r\nJoin us for a day of fun and camaraderie! Your presence and enthusiasm will make a difference in creating a vibrant condo community.\r\n\r\nCondoMS Management', 4),
(15, '2023-12-15', '10:14:05pm', 'Notice', 'New Update', 'DEC 15, 2023\r\n\r\nCondoMS Resident Interaction Event\r\n\r\nCondoMS will be hosting a gathering for our community, welcoming a group of residents from another condominium for an engaging and enjoyable program.\r\n\r\nWe are seeking around 15 volunteers to assist in organizing games and fun activities with our fellow residents on:\r\n\r\nDATE: 2024-01-06 (Saturday)\r\nTIME: 10:30 am - 4:30 pm\r\nParticipation will earn you Community Involvement Points, and lunch will be provided.\r\n\r\nThis is a fantastic opportunity to connect with neighbors, build a sense of community, and make new friends. Your active participation will contribute to a memorable and enjoyable event for everyone.\r\n\r\nJoin us for a day of fun and camaraderie! Your presence and enthusiasm will make a difference in creating a vibrant condo community.\r\n\r\nCondoMS Management', 4),
(16, '2023-12-16', '10:13:05pm', 'Notice', 'New Update 2.0', 'DEC 16, 2023\r\n\r\nCondoMS Resident Interaction Event\r\n\r\nCondoMS will be hosting a gathering for our community, welcoming a group of residents from another condominium for an engaging and enjoyable program.\r\n\r\nWe are seeking around 15 volunteers to assist in organizing games and fun activities with our fellow residents on:\r\n\r\nDATE: 2024-01-06 (Saturday)\r\nTIME: 10:30 am - 4:30 pm\r\nParticipation will earn you Community Involvement Points, and lunch will be provided.\r\n\r\nThis is a fantastic opportunity to connect with neighbors, build a sense of community, and make new friends. Your active participation will contribute to a memorable and enjoyable event for everyone.\r\n\r\nJoin us for a day of fun and camaraderie! Your presence and enthusiasm will make a difference in creating a vibrant condo community.\r\n\r\nCondoMS Management', 4),
(17, '2023-12-21', '10:41:05pm', 'Notice', 'UPDATE', 'UPDATE ', 7),
(18, '2023-12-22', '08:51:26pm', 'Notice', 'Update', '22/12/2023', 8);

-- --------------------------------------------------------

--
-- Table structure for table `carpark`
--

CREATE TABLE `carpark` (
  `carParkID` int(10) NOT NULL,
  `ownerID` int(10) NOT NULL,
  `condoID` int(5) NOT NULL,
  `carBlock` varchar(3) NOT NULL,
  `carFloor` int(3) NOT NULL,
  `number` int(3) NOT NULL,
  `carPlate` varchar(20) NOT NULL,
  `carParkStatus` varchar(20) NOT NULL
) ENGINE=InnoDB DEFAULT CHARSET=utf8mb4 COLLATE=utf8mb4_general_ci;

--
-- Dumping data for table `carpark`
--

INSERT INTO `carpark` (`carParkID`, `ownerID`, `condoID`, `carBlock`, `carFloor`, `number`, `carPlate`, `carParkStatus`) VALUES
(1, 0, 1, 'A', 1, 1, '', 'Available'),
(2, 0, 1, 'A', 1, 2, '', 'Available'),
(3, 0, 1, 'A', 1, 3, '', 'Available'),
(4, 0, 1, 'A', 1, 4, '', 'Available'),
(5, 0, 1, 'A', 1, 5, '', 'Available'),
(6, 1, 1, 'A', 1, 6, 'WHP 3094', 'Unavailable'),
(7, 0, 1, 'A', 1, 7, '', 'Available'),
(8, 0, 1, 'A', 1, 8, '', 'Available'),
(9, 0, 1, 'A', 1, 9, '', 'Available'),
(10, 0, 1, 'A', 1, 10, '', 'Available'),
(11, 0, 1, 'A', 2, 1, '', 'Available'),
(12, 0, 1, 'A', 2, 2, '', 'Available'),
(13, 0, 1, 'A', 2, 3, '', 'Available'),
(14, 0, 1, 'A', 2, 4, '', 'Available'),
(15, 0, 1, 'A', 2, 5, '', 'Available'),
(16, 0, 1, 'A', 2, 6, '', 'Available'),
(17, 0, 1, 'A', 2, 7, '', 'Available'),
(18, 0, 1, 'A', 2, 8, '', 'Available'),
(19, 0, 1, 'A', 2, 9, '', 'Available'),
(20, 0, 1, 'A', 2, 10, '', 'Available'),
(21, 0, 1, 'A', 3, 1, '', 'Available'),
(22, 0, 1, 'A', 3, 2, '', 'Available'),
(23, 0, 1, 'A', 3, 3, '', 'Available'),
(24, 0, 1, 'A', 3, 4, '', 'Available'),
(25, 0, 1, 'A', 3, 5, '', 'Available'),
(26, 0, 1, 'A', 3, 6, '', 'Available'),
(27, 0, 1, 'A', 3, 7, '', 'Available'),
(28, 0, 1, 'A', 3, 8, '', 'Available'),
(29, 0, 1, 'A', 3, 9, '', 'Available'),
(30, 0, 1, 'A', 3, 10, '', 'Available'),
(31, 0, 1, 'A', 4, 1, '', 'Available'),
(32, 0, 1, 'A', 4, 2, '', 'Available'),
(33, 0, 1, 'A', 4, 3, '', 'Available'),
(34, 0, 1, 'A', 4, 4, '', 'Available'),
(35, 0, 1, 'A', 4, 5, '', 'Available'),
(36, 0, 1, 'A', 4, 6, '', 'Available'),
(37, 0, 1, 'A', 4, 7, '', 'Available'),
(38, 0, 1, 'A', 4, 8, '', 'Available'),
(39, 0, 1, 'A', 4, 9, '', 'Available'),
(40, 0, 1, 'A', 4, 10, '', 'Available'),
(41, 0, 1, 'A', 5, 1, '', 'Available'),
(42, 0, 1, 'A', 5, 2, '', 'Available'),
(43, 0, 1, 'A', 5, 3, '', 'Available'),
(44, 0, 1, 'A', 5, 4, '', 'Available'),
(45, 0, 1, 'A', 5, 5, '', 'Available'),
(46, 0, 1, 'A', 5, 6, '', 'Available'),
(47, 0, 1, 'A', 5, 7, '', 'Available'),
(48, 0, 1, 'A', 5, 8, '', 'Available'),
(49, 0, 1, 'A', 5, 9, '', 'Available'),
(50, 0, 1, 'A', 5, 10, '', 'Available'),
(51, 3, 2, 'A', 1, 1, 'HWQ 3094', 'Unavailable'),
(52, 0, 2, 'B', 1, 1, '', 'Available'),
(53, 0, 2, 'A', 1, 2, '', 'Available'),
(54, 0, 2, 'B', 1, 2, '', 'Available'),
(55, 0, 2, 'A', 1, 3, '', 'Available'),
(56, 0, 2, 'B', 1, 3, '', 'Available'),
(57, 0, 2, 'A', 1, 4, '', 'Available'),
(58, 0, 2, 'B', 1, 4, '', 'Available'),
(59, 0, 2, 'A', 1, 5, '', 'Available'),
(60, 0, 2, 'B', 1, 5, '', 'Available'),
(61, 0, 2, 'A', 1, 6, '', 'Available'),
(62, 0, 2, 'B', 1, 6, '', 'Available'),
(63, 0, 2, 'A', 1, 7, '', 'Available'),
(64, 0, 2, 'B', 1, 7, '', 'Available'),
(65, 0, 2, 'A', 1, 8, '', 'Available'),
(66, 0, 2, 'B', 1, 8, '', 'Available'),
(67, 0, 2, 'A', 1, 9, '', 'Available'),
(68, 0, 2, 'B', 1, 9, '', 'Available'),
(69, 0, 2, 'A', 1, 10, '', 'Available'),
(70, 0, 2, 'B', 1, 10, '', 'Available'),
(71, 0, 2, 'A', 2, 1, '', 'Available'),
(72, 0, 2, 'B', 2, 1, '', 'Available'),
(73, 0, 2, 'A', 2, 2, '', 'Available'),
(74, 0, 2, 'B', 2, 2, '', 'Available'),
(75, 0, 2, 'A', 2, 3, '', 'Available'),
(76, 0, 2, 'B', 2, 3, '', 'Available'),
(77, 0, 2, 'A', 2, 4, '', 'Available'),
(78, 0, 2, 'B', 2, 4, '', 'Available'),
(79, 0, 2, 'A', 2, 5, '', 'Available'),
(80, 0, 2, 'B', 2, 5, '', 'Available'),
(81, 0, 2, 'A', 2, 6, '', 'Available'),
(82, 0, 2, 'B', 2, 6, '', 'Available'),
(83, 0, 2, 'A', 2, 7, '', 'Available'),
(84, 0, 2, 'B', 2, 7, '', 'Available'),
(85, 0, 2, 'A', 2, 8, '', 'Available'),
(86, 0, 2, 'B', 2, 8, '', 'Available'),
(87, 0, 2, 'A', 2, 9, '', 'Available'),
(88, 0, 2, 'B', 2, 9, '', 'Available'),
(89, 0, 2, 'A', 2, 10, '', 'Available'),
(90, 0, 2, 'B', 2, 10, '', 'Available'),
(91, 0, 2, 'A', 3, 1, '', 'Available'),
(92, 0, 2, 'B', 3, 1, '', 'Available'),
(93, 0, 2, 'A', 3, 2, '', 'Available'),
(94, 0, 2, 'B', 3, 2, '', 'Available'),
(95, 0, 2, 'A', 3, 3, '', 'Available'),
(96, 0, 2, 'B', 3, 3, '', 'Available'),
(97, 0, 2, 'A', 3, 4, '', 'Available'),
(98, 0, 2, 'B', 3, 4, '', 'Available'),
(99, 0, 2, 'A', 3, 5, '', 'Available'),
(100, 0, 2, 'B', 3, 5, '', 'Available'),
(101, 0, 2, 'A', 3, 6, '', 'Available'),
(102, 0, 2, 'B', 3, 6, '', 'Available'),
(103, 0, 2, 'A', 3, 7, '', 'Available'),
(104, 0, 2, 'B', 3, 7, '', 'Available'),
(105, 0, 2, 'A', 3, 8, '', 'Available'),
(106, 0, 2, 'B', 3, 8, '', 'Available'),
(107, 0, 2, 'A', 3, 9, '', 'Available'),
(108, 0, 2, 'B', 3, 9, '', 'Available'),
(109, 0, 2, 'A', 3, 10, '', 'Available'),
(110, 0, 2, 'B', 3, 10, '', 'Available'),
(111, 0, 2, 'A', 4, 1, '', 'Available'),
(112, 0, 2, 'B', 4, 1, '', 'Available'),
(113, 0, 2, 'A', 4, 2, '', 'Available'),
(114, 0, 2, 'B', 4, 2, '', 'Available'),
(115, 0, 2, 'A', 4, 3, '', 'Available'),
(116, 0, 2, 'B', 4, 3, '', 'Available'),
(117, 0, 2, 'A', 4, 4, '', 'Available'),
(118, 0, 2, 'B', 4, 4, '', 'Available'),
(119, 0, 2, 'A', 4, 5, '', 'Available'),
(120, 0, 2, 'B', 4, 5, '', 'Available'),
(121, 0, 2, 'A', 4, 6, '', 'Available'),
(122, 0, 2, 'B', 4, 6, '', 'Available'),
(123, 0, 2, 'A', 4, 7, '', 'Available'),
(124, 0, 2, 'B', 4, 7, '', 'Available'),
(125, 0, 2, 'A', 4, 8, '', 'Available'),
(126, 0, 2, 'B', 4, 8, '', 'Available'),
(127, 0, 2, 'A', 4, 9, '', 'Available'),
(128, 0, 2, 'B', 4, 9, '', 'Available'),
(129, 0, 2, 'A', 4, 10, '', 'Available'),
(130, 0, 2, 'B', 4, 10, '', 'Available'),
(131, 0, 2, 'A', 5, 1, '', 'Available'),
(132, 0, 2, 'B', 5, 1, '', 'Available'),
(133, 0, 2, 'A', 5, 2, '', 'Available'),
(134, 0, 2, 'B', 5, 2, '', 'Available'),
(135, 0, 2, 'A', 5, 3, '', 'Available'),
(136, 0, 2, 'B', 5, 3, '', 'Available'),
(137, 0, 2, 'A', 5, 4, '', 'Available'),
(138, 0, 2, 'B', 5, 4, '', 'Available'),
(139, 0, 2, 'A', 5, 5, '', 'Available'),
(140, 0, 2, 'B', 5, 5, '', 'Available'),
(141, 0, 2, 'A', 5, 6, '', 'Available'),
(142, 0, 2, 'B', 5, 6, '', 'Available'),
(143, 0, 2, 'A', 5, 7, '', 'Available'),
(144, 3, 2, 'B', 5, 7, 'WHQ 3003', 'Unavailable'),
(145, 0, 2, 'A', 5, 8, '', 'Available'),
(146, 0, 2, 'B', 5, 8, '', 'Available'),
(147, 0, 2, 'A', 5, 9, '', 'Available'),
(148, 3, 2, 'B', 5, 9, 'WQE 3092', 'Unavailable'),
(149, 0, 2, 'A', 5, 10, '', 'Available'),
(150, 0, 2, 'B', 5, 10, '', 'Available'),
(151, 0, 3, 'A', 1, 1, '', 'Available'),
(152, 0, 3, 'B', 1, 1, '', 'Available'),
(153, 0, 4, 'A', 1, 1, '', 'Available'),
(154, 0, 4, 'A', 1, 2, '', 'Available'),
(155, 0, 4, 'A', 2, 1, '', 'Available'),
(156, 0, 4, 'A', 2, 2, '', 'Available'),
(157, 0, 4, 'A', 3, 1, '', 'Available'),
(158, 0, 4, 'A', 3, 2, '', 'Available'),
(159, 0, 4, 'A', 4, 1, '', 'Available'),
(160, 0, 4, 'A', 4, 2, '', 'Available'),
(161, 0, 4, 'A', 5, 1, '', 'Available'),
(162, 0, 4, 'A', 5, 2, '', 'Available'),
(163, 9, 7, 'A', 1, 1, 'VKL 9081', 'Unavailable'),
(164, 0, 7, 'B', 1, 1, '', 'Available'),
(165, 0, 7, 'A', 1, 2, '', 'Available'),
(166, 0, 7, 'B', 1, 2, '', 'Available'),
(167, 0, 7, 'A', 1, 3, '', 'Available'),
(168, 0, 7, 'B', 1, 3, '', 'Available'),
(169, 0, 7, 'A', 1, 4, '', 'Available'),
(170, 0, 7, 'B', 1, 4, '', 'Available'),
(171, 0, 7, 'A', 1, 5, '', 'Available'),
(172, 0, 7, 'B', 1, 5, '', 'Available'),
(173, 0, 7, 'A', 1, 6, '', 'Available'),
(174, 0, 7, 'B', 1, 6, '', 'Available'),
(175, 0, 7, 'A', 1, 7, '', 'Available'),
(176, 0, 7, 'B', 1, 7, '', 'Available'),
(177, 0, 7, 'A', 1, 8, '', 'Available'),
(178, 0, 7, 'B', 1, 8, '', 'Available'),
(179, 0, 7, 'A', 1, 9, '', 'Available'),
(180, 0, 7, 'B', 1, 9, '', 'Available'),
(181, 0, 7, 'A', 1, 10, '', 'Available'),
(182, 0, 7, 'B', 1, 10, '', 'Available'),
(183, 0, 7, 'A', 2, 1, '', 'Available'),
(184, 0, 7, 'B', 2, 1, '', 'Available'),
(185, 0, 7, 'A', 2, 2, '', 'Available'),
(186, 0, 7, 'B', 2, 2, '', 'Available'),
(187, 0, 7, 'A', 2, 3, '', 'Available'),
(188, 0, 7, 'B', 2, 3, '', 'Available'),
(189, 0, 7, 'A', 2, 4, '', 'Available'),
(190, 0, 7, 'B', 2, 4, '', 'Available'),
(191, 0, 7, 'A', 2, 5, '', 'Available'),
(192, 0, 7, 'B', 2, 5, '', 'Available'),
(193, 0, 7, 'A', 2, 6, '', 'Available'),
(194, 0, 7, 'B', 2, 6, '', 'Available'),
(195, 0, 7, 'A', 2, 7, '', 'Available'),
(196, 0, 7, 'B', 2, 7, '', 'Available'),
(197, 0, 7, 'A', 2, 8, '', 'Available'),
(198, 0, 7, 'B', 2, 8, '', 'Available'),
(199, 0, 7, 'A', 2, 9, '', 'Available'),
(200, 0, 7, 'B', 2, 9, '', 'Available'),
(201, 0, 7, 'A', 2, 10, '', 'Available'),
(202, 0, 7, 'B', 2, 10, '', 'Available'),
(203, 0, 7, 'A', 3, 1, '', 'Available'),
(204, 0, 7, 'B', 3, 1, '', 'Available'),
(205, 0, 7, 'A', 3, 2, '', 'Available'),
(206, 0, 7, 'B', 3, 2, '', 'Available'),
(207, 0, 7, 'A', 3, 3, '', 'Available'),
(208, 0, 7, 'B', 3, 3, '', 'Available'),
(209, 0, 7, 'A', 3, 4, '', 'Available'),
(210, 0, 7, 'B', 3, 4, '', 'Available'),
(211, 0, 7, 'A', 3, 5, '', 'Available'),
(212, 0, 7, 'B', 3, 5, '', 'Available'),
(213, 0, 7, 'A', 3, 6, '', 'Available'),
(214, 0, 7, 'B', 3, 6, '', 'Available'),
(215, 0, 7, 'A', 3, 7, '', 'Available'),
(216, 0, 7, 'B', 3, 7, '', 'Available'),
(217, 0, 7, 'A', 3, 8, '', 'Available'),
(218, 0, 7, 'B', 3, 8, '', 'Available'),
(219, 0, 7, 'A', 3, 9, '', 'Available'),
(220, 0, 7, 'B', 3, 9, '', 'Available'),
(221, 0, 7, 'A', 3, 10, '', 'Available'),
(222, 0, 7, 'B', 3, 10, '', 'Available'),
(223, 0, 7, 'A', 4, 1, '', 'Available'),
(224, 0, 7, 'B', 4, 1, '', 'Available'),
(225, 0, 7, 'A', 4, 2, '', 'Available'),
(226, 0, 7, 'B', 4, 2, '', 'Available'),
(227, 0, 7, 'A', 4, 3, '', 'Available'),
(228, 0, 7, 'B', 4, 3, '', 'Available'),
(229, 0, 7, 'A', 4, 4, '', 'Available'),
(230, 0, 7, 'B', 4, 4, '', 'Available'),
(231, 0, 7, 'A', 4, 5, '', 'Available'),
(232, 0, 7, 'B', 4, 5, '', 'Available'),
(233, 0, 7, 'A', 4, 6, '', 'Available'),
(234, 0, 7, 'B', 4, 6, '', 'Available'),
(235, 0, 7, 'A', 4, 7, '', 'Available'),
(236, 0, 7, 'B', 4, 7, '', 'Available'),
(237, 0, 7, 'A', 4, 8, '', 'Available'),
(238, 0, 7, 'B', 4, 8, '', 'Available'),
(239, 0, 7, 'A', 4, 9, '', 'Available'),
(240, 0, 7, 'B', 4, 9, '', 'Available'),
(241, 0, 7, 'A', 4, 10, '', 'Available'),
(242, 0, 7, 'B', 4, 10, '', 'Available'),
(243, 0, 7, 'A', 5, 1, '', 'Available'),
(244, 0, 7, 'B', 5, 1, '', 'Available'),
(245, 0, 7, 'A', 5, 2, '', 'Available'),
(246, 0, 7, 'B', 5, 2, '', 'Available'),
(247, 0, 7, 'A', 5, 3, '', 'Available'),
(248, 0, 7, 'B', 5, 3, '', 'Available'),
(249, 0, 7, 'A', 5, 4, '', 'Available'),
(250, 0, 7, 'B', 5, 4, '', 'Available'),
(251, 0, 7, 'A', 5, 5, '', 'Available'),
(252, 0, 7, 'B', 5, 5, '', 'Available'),
(253, 0, 7, 'A', 5, 6, '', 'Available'),
(254, 0, 7, 'B', 5, 6, '', 'Available'),
(255, 0, 7, 'A', 5, 7, '', 'Available'),
(256, 0, 7, 'B', 5, 7, '', 'Available'),
(257, 0, 7, 'A', 5, 8, '', 'Available'),
(258, 0, 7, 'B', 5, 8, '', 'Available'),
(259, 0, 7, 'A', 5, 9, '', 'Available'),
(260, 0, 7, 'B', 5, 9, '', 'Available'),
(261, 0, 7, 'A', 5, 10, '', 'Available'),
(262, 0, 7, 'B', 5, 10, '', 'Available'),
(263, 10, 8, 'A', 1, 1, 'IJI 2035', 'Unavailable'),
(264, 0, 8, 'B', 1, 1, '-', 'Available'),
(265, 0, 8, 'A', 1, 2, '', 'Available'),
(266, 0, 8, 'B', 1, 2, '', 'Available'),
(267, 0, 8, 'A', 1, 3, '', 'Available'),
(268, 0, 8, 'B', 1, 3, '', 'Available'),
(269, 0, 8, 'A', 1, 4, '', 'Available'),
(270, 0, 8, 'B', 1, 4, '', 'Available'),
(271, 0, 8, 'A', 1, 5, '', 'Available'),
(272, 0, 8, 'B', 1, 5, '', 'Available'),
(273, 0, 8, 'A', 1, 6, '', 'Available'),
(274, 0, 8, 'B', 1, 6, '', 'Available'),
(275, 0, 8, 'A', 1, 7, '', 'Available'),
(276, 0, 8, 'B', 1, 7, '', 'Available'),
(277, 0, 8, 'A', 1, 8, '', 'Available'),
(278, 0, 8, 'B', 1, 8, '', 'Available'),
(279, 0, 8, 'A', 1, 9, '', 'Available'),
(280, 0, 8, 'B', 1, 9, '', 'Available'),
(281, 0, 8, 'A', 1, 10, '', 'Available'),
(282, 0, 8, 'B', 1, 10, '', 'Available'),
(283, 0, 8, 'A', 1, 11, '', 'Available'),
(284, 0, 8, 'B', 1, 11, '', 'Available'),
(285, 0, 8, 'A', 1, 12, '', 'Available'),
(286, 0, 8, 'B', 1, 12, '', 'Available'),
(287, 0, 8, 'A', 1, 13, '', 'Available'),
(288, 0, 8, 'B', 1, 13, '', 'Available'),
(289, 0, 8, 'A', 1, 14, '', 'Available'),
(290, 0, 8, 'B', 1, 14, '', 'Available'),
(291, 0, 8, 'A', 1, 15, '', 'Available'),
(292, 0, 8, 'B', 1, 15, '', 'Available'),
(293, 0, 8, 'A', 1, 16, '', 'Available'),
(294, 0, 8, 'B', 1, 16, '', 'Available'),
(295, 0, 8, 'A', 1, 17, '', 'Available'),
(296, 0, 8, 'B', 1, 17, '', 'Available'),
(297, 0, 8, 'A', 1, 18, '', 'Available'),
(298, 0, 8, 'B', 1, 18, '', 'Available'),
(299, 0, 8, 'A', 1, 19, '', 'Available'),
(300, 0, 8, 'B', 1, 19, '', 'Available'),
(301, 0, 8, 'A', 1, 20, '', 'Available'),
(302, 0, 8, 'B', 1, 20, '', 'Available'),
(303, 0, 8, 'A', 1, 21, '', 'Available'),
(304, 0, 8, 'B', 1, 21, '', 'Available'),
(305, 0, 8, 'A', 1, 22, '', 'Available'),
(306, 0, 8, 'B', 1, 22, '', 'Available'),
(307, 0, 8, 'A', 1, 23, '', 'Available'),
(308, 0, 8, 'B', 1, 23, '', 'Available'),
(309, 0, 8, 'A', 1, 24, '', 'Available'),
(310, 0, 8, 'B', 1, 24, '', 'Available'),
(311, 0, 8, 'A', 1, 25, '', 'Available'),
(312, 0, 8, 'B', 1, 25, '', 'Available'),
(313, 0, 8, 'A', 1, 26, '', 'Available'),
(314, 0, 8, 'B', 1, 26, '', 'Available'),
(315, 0, 8, 'A', 1, 27, '', 'Available'),
(316, 0, 8, 'B', 1, 27, '', 'Available'),
(317, 0, 8, 'A', 1, 28, '', 'Available'),
(318, 0, 8, 'B', 1, 28, '', 'Available'),
(319, 0, 8, 'A', 1, 29, '', 'Available'),
(320, 0, 8, 'B', 1, 29, '', 'Available'),
(321, 0, 8, 'A', 1, 30, '', 'Available'),
(322, 0, 8, 'B', 1, 30, '', 'Available'),
(323, 0, 8, 'A', 2, 1, '', 'Available'),
(324, 0, 8, 'B', 2, 1, '', 'Available'),
(325, 0, 8, 'A', 2, 2, '', 'Available'),
(326, 0, 8, 'B', 2, 2, '', 'Available'),
(327, 0, 8, 'A', 2, 3, '', 'Available'),
(328, 0, 8, 'B', 2, 3, '', 'Available'),
(329, 0, 8, 'A', 2, 4, '', 'Available'),
(330, 0, 8, 'B', 2, 4, '', 'Available'),
(331, 0, 8, 'A', 2, 5, '', 'Available'),
(332, 0, 8, 'B', 2, 5, '', 'Available'),
(333, 0, 8, 'A', 2, 6, '', 'Available'),
(334, 0, 8, 'B', 2, 6, '', 'Available'),
(335, 0, 8, 'A', 2, 7, '', 'Available'),
(336, 0, 8, 'B', 2, 7, '', 'Available'),
(337, 0, 8, 'A', 2, 8, '', 'Available'),
(338, 0, 8, 'B', 2, 8, '', 'Available'),
(339, 0, 8, 'A', 2, 9, '', 'Available'),
(340, 0, 8, 'B', 2, 9, '', 'Available'),
(341, 0, 8, 'A', 2, 10, '', 'Available'),
(342, 0, 8, 'B', 2, 10, '', 'Available'),
(343, 0, 8, 'A', 2, 11, '', 'Available'),
(344, 0, 8, 'B', 2, 11, '', 'Available'),
(345, 0, 8, 'A', 2, 12, '', 'Available'),
(346, 0, 8, 'B', 2, 12, '', 'Available'),
(347, 0, 8, 'A', 2, 13, '', 'Available'),
(348, 0, 8, 'B', 2, 13, '', 'Available'),
(349, 0, 8, 'A', 2, 14, '', 'Available'),
(350, 0, 8, 'B', 2, 14, '', 'Available'),
(351, 0, 8, 'A', 2, 15, '', 'Available'),
(352, 0, 8, 'B', 2, 15, '', 'Available'),
(353, 0, 8, 'A', 2, 16, '', 'Available'),
(354, 0, 8, 'B', 2, 16, '', 'Available'),
(355, 0, 8, 'A', 2, 17, '', 'Available'),
(356, 0, 8, 'B', 2, 17, '', 'Available'),
(357, 0, 8, 'A', 2, 18, '', 'Available'),
(358, 0, 8, 'B', 2, 18, '', 'Available'),
(359, 0, 8, 'A', 2, 19, '', 'Available'),
(360, 0, 8, 'B', 2, 19, '', 'Available'),
(361, 0, 8, 'A', 2, 20, '', 'Available'),
(362, 0, 8, 'B', 2, 20, '', 'Available'),
(363, 0, 8, 'A', 2, 21, '', 'Available'),
(364, 0, 8, 'B', 2, 21, '', 'Available'),
(365, 0, 8, 'A', 2, 22, '', 'Available'),
(366, 0, 8, 'B', 2, 22, '', 'Available'),
(367, 0, 8, 'A', 2, 23, '', 'Available'),
(368, 0, 8, 'B', 2, 23, '', 'Available'),
(369, 0, 8, 'A', 2, 24, '', 'Available'),
(370, 0, 8, 'B', 2, 24, '', 'Available'),
(371, 0, 8, 'A', 2, 25, '', 'Available'),
(372, 0, 8, 'B', 2, 25, '', 'Available'),
(373, 0, 8, 'A', 2, 26, '', 'Available'),
(374, 0, 8, 'B', 2, 26, '', 'Available'),
(375, 0, 8, 'A', 2, 27, '', 'Available'),
(376, 0, 8, 'B', 2, 27, '', 'Available'),
(377, 0, 8, 'A', 2, 28, '', 'Available'),
(378, 0, 8, 'B', 2, 28, '', 'Available'),
(379, 0, 8, 'A', 2, 29, '', 'Available'),
(380, 0, 8, 'B', 2, 29, '', 'Available'),
(381, 0, 8, 'A', 2, 30, '', 'Available'),
(382, 0, 8, 'B', 2, 30, '', 'Available'),
(383, 0, 8, 'A', 3, 1, '', 'Available'),
(384, 0, 8, 'B', 3, 1, '', 'Available'),
(385, 0, 8, 'A', 3, 2, '', 'Available'),
(386, 0, 8, 'B', 3, 2, '', 'Available'),
(387, 0, 8, 'A', 3, 3, '', 'Available'),
(388, 0, 8, 'B', 3, 3, '', 'Available'),
(389, 0, 8, 'A', 3, 4, '', 'Available'),
(390, 0, 8, 'B', 3, 4, '', 'Available'),
(391, 0, 8, 'A', 3, 5, '', 'Available'),
(392, 0, 8, 'B', 3, 5, '', 'Available'),
(393, 0, 8, 'A', 3, 6, '', 'Available'),
(394, 0, 8, 'B', 3, 6, '', 'Available'),
(395, 0, 8, 'A', 3, 7, '', 'Available'),
(396, 0, 8, 'B', 3, 7, '', 'Available'),
(397, 0, 8, 'A', 3, 8, '', 'Available'),
(398, 0, 8, 'B', 3, 8, '', 'Available'),
(399, 0, 8, 'A', 3, 9, '', 'Available'),
(400, 0, 8, 'B', 3, 9, '', 'Available'),
(401, 0, 8, 'A', 3, 10, '', 'Available'),
(402, 0, 8, 'B', 3, 10, '', 'Available'),
(403, 0, 8, 'A', 3, 11, '', 'Available'),
(404, 0, 8, 'B', 3, 11, '', 'Available'),
(405, 0, 8, 'A', 3, 12, '', 'Available'),
(406, 0, 8, 'B', 3, 12, '', 'Available'),
(407, 0, 8, 'A', 3, 13, '', 'Available'),
(408, 0, 8, 'B', 3, 13, '', 'Available'),
(409, 0, 8, 'A', 3, 14, '', 'Available'),
(410, 0, 8, 'B', 3, 14, '', 'Available'),
(411, 0, 8, 'A', 3, 15, '', 'Available'),
(412, 0, 8, 'B', 3, 15, '', 'Available'),
(413, 0, 8, 'A', 3, 16, '', 'Available'),
(414, 0, 8, 'B', 3, 16, '', 'Available'),
(415, 0, 8, 'A', 3, 17, '', 'Available'),
(416, 0, 8, 'B', 3, 17, '', 'Available'),
(417, 0, 8, 'A', 3, 18, '', 'Available'),
(418, 0, 8, 'B', 3, 18, '', 'Available'),
(419, 0, 8, 'A', 3, 19, '', 'Available'),
(420, 0, 8, 'B', 3, 19, '', 'Available'),
(421, 0, 8, 'A', 3, 20, '', 'Available'),
(422, 0, 8, 'B', 3, 20, '', 'Available'),
(423, 0, 8, 'A', 3, 21, '', 'Available'),
(424, 0, 8, 'B', 3, 21, '', 'Available'),
(425, 0, 8, 'A', 3, 22, '', 'Available'),
(426, 0, 8, 'B', 3, 22, '', 'Available'),
(427, 0, 8, 'A', 3, 23, '', 'Available'),
(428, 0, 8, 'B', 3, 23, '', 'Available'),
(429, 0, 8, 'A', 3, 24, '', 'Available'),
(430, 0, 8, 'B', 3, 24, '', 'Available'),
(431, 0, 8, 'A', 3, 25, '', 'Available'),
(432, 0, 8, 'B', 3, 25, '', 'Available'),
(433, 0, 8, 'A', 3, 26, '', 'Available'),
(434, 0, 8, 'B', 3, 26, '', 'Available'),
(435, 0, 8, 'A', 3, 27, '', 'Available'),
(436, 0, 8, 'B', 3, 27, '', 'Available'),
(437, 0, 8, 'A', 3, 28, '', 'Available'),
(438, 0, 8, 'B', 3, 28, '', 'Available'),
(439, 0, 8, 'A', 3, 29, '', 'Available'),
(440, 0, 8, 'B', 3, 29, '', 'Available'),
(441, 0, 8, 'A', 3, 30, '', 'Available'),
(442, 0, 8, 'B', 3, 30, '', 'Available'),
(443, 0, 8, 'A', 4, 1, '', 'Available'),
(444, 0, 8, 'B', 4, 1, '', 'Available'),
(445, 0, 8, 'A', 4, 2, '', 'Available'),
(446, 0, 8, 'B', 4, 2, '', 'Available'),
(447, 0, 8, 'A', 4, 3, '', 'Available'),
(448, 0, 8, 'B', 4, 3, '', 'Available'),
(449, 0, 8, 'A', 4, 4, '', 'Available'),
(450, 0, 8, 'B', 4, 4, '', 'Available'),
(451, 0, 8, 'A', 4, 5, '', 'Available'),
(452, 0, 8, 'B', 4, 5, '', 'Available'),
(453, 0, 8, 'A', 4, 6, '', 'Available'),
(454, 0, 8, 'B', 4, 6, '', 'Available'),
(455, 0, 8, 'A', 4, 7, '', 'Available'),
(456, 0, 8, 'B', 4, 7, '', 'Available'),
(457, 0, 8, 'A', 4, 8, '', 'Available'),
(458, 0, 8, 'B', 4, 8, '', 'Available'),
(459, 0, 8, 'A', 4, 9, '', 'Available'),
(460, 0, 8, 'B', 4, 9, '', 'Available'),
(461, 0, 8, 'A', 4, 10, '', 'Available'),
(462, 0, 8, 'B', 4, 10, '', 'Available'),
(463, 0, 8, 'A', 4, 11, '', 'Available'),
(464, 0, 8, 'B', 4, 11, '', 'Available'),
(465, 0, 8, 'A', 4, 12, '', 'Available'),
(466, 0, 8, 'B', 4, 12, '', 'Available'),
(467, 0, 8, 'A', 4, 13, '', 'Available'),
(468, 0, 8, 'B', 4, 13, '', 'Available'),
(469, 0, 8, 'A', 4, 14, '', 'Available'),
(470, 0, 8, 'B', 4, 14, '', 'Available'),
(471, 0, 8, 'A', 4, 15, '', 'Available'),
(472, 0, 8, 'B', 4, 15, '', 'Available'),
(473, 0, 8, 'A', 4, 16, '', 'Available'),
(474, 0, 8, 'B', 4, 16, '', 'Available'),
(475, 0, 8, 'A', 4, 17, '', 'Available'),
(476, 0, 8, 'B', 4, 17, '', 'Available'),
(477, 0, 8, 'A', 4, 18, '', 'Available'),
(478, 0, 8, 'B', 4, 18, '', 'Available'),
(479, 0, 8, 'A', 4, 19, '', 'Available'),
(480, 0, 8, 'B', 4, 19, '', 'Available'),
(481, 0, 8, 'A', 4, 20, '', 'Available'),
(482, 0, 8, 'B', 4, 20, '', 'Available'),
(483, 0, 8, 'A', 4, 21, '', 'Available'),
(484, 0, 8, 'B', 4, 21, '', 'Available'),
(485, 0, 8, 'A', 4, 22, '', 'Available'),
(486, 0, 8, 'B', 4, 22, '', 'Available'),
(487, 0, 8, 'A', 4, 23, '', 'Available'),
(488, 0, 8, 'B', 4, 23, '', 'Available'),
(489, 0, 8, 'A', 4, 24, '', 'Available'),
(490, 0, 8, 'B', 4, 24, '', 'Available'),
(491, 0, 8, 'A', 4, 25, '', 'Available'),
(492, 0, 8, 'B', 4, 25, '', 'Available'),
(493, 0, 8, 'A', 4, 26, '', 'Available'),
(494, 0, 8, 'B', 4, 26, '', 'Available'),
(495, 0, 8, 'A', 4, 27, '', 'Available'),
(496, 0, 8, 'B', 4, 27, '', 'Available'),
(497, 0, 8, 'A', 4, 28, '', 'Available'),
(498, 0, 8, 'B', 4, 28, '', 'Available'),
(499, 0, 8, 'A', 4, 29, '', 'Available'),
(500, 0, 8, 'B', 4, 29, '', 'Available'),
(501, 0, 8, 'A', 4, 30, '', 'Available'),
(502, 0, 8, 'B', 4, 30, '', 'Available'),
(503, 0, 8, 'A', 5, 1, '', 'Available'),
(504, 0, 8, 'B', 5, 1, '', 'Available'),
(505, 0, 8, 'A', 5, 2, '', 'Available'),
(506, 0, 8, 'B', 5, 2, '', 'Available'),
(507, 0, 8, 'A', 5, 3, '', 'Available'),
(508, 0, 8, 'B', 5, 3, '', 'Available'),
(509, 0, 8, 'A', 5, 4, '', 'Available'),
(510, 0, 8, 'B', 5, 4, '', 'Available'),
(511, 0, 8, 'A', 5, 5, '', 'Available'),
(512, 0, 8, 'B', 5, 5, '', 'Available'),
(513, 0, 8, 'A', 5, 6, '', 'Available'),
(514, 0, 8, 'B', 5, 6, '', 'Available'),
(515, 0, 8, 'A', 5, 7, '', 'Available'),
(516, 0, 8, 'B', 5, 7, '', 'Available'),
(517, 0, 8, 'A', 5, 8, '', 'Available'),
(518, 0, 8, 'B', 5, 8, '', 'Available'),
(519, 0, 8, 'A', 5, 9, '', 'Available'),
(520, 0, 8, 'B', 5, 9, '', 'Available'),
(521, 0, 8, 'A', 5, 10, '', 'Available'),
(522, 0, 8, 'B', 5, 10, '', 'Available'),
(523, 0, 8, 'A', 5, 11, '', 'Available'),
(524, 0, 8, 'B', 5, 11, '', 'Available'),
(525, 0, 8, 'A', 5, 12, '', 'Available'),
(526, 0, 8, 'B', 5, 12, '', 'Available'),
(527, 0, 8, 'A', 5, 13, '', 'Available'),
(528, 0, 8, 'B', 5, 13, '', 'Available'),
(529, 0, 8, 'A', 5, 14, '', 'Available'),
(530, 0, 8, 'B', 5, 14, '', 'Available'),
(531, 0, 8, 'A', 5, 15, '', 'Available'),
(532, 0, 8, 'B', 5, 15, '', 'Available'),
(533, 0, 8, 'A', 5, 16, '', 'Available'),
(534, 0, 8, 'B', 5, 16, '', 'Available'),
(535, 0, 8, 'A', 5, 17, '', 'Available'),
(536, 0, 8, 'B', 5, 17, '', 'Available'),
(537, 0, 8, 'A', 5, 18, '', 'Available'),
(538, 0, 8, 'B', 5, 18, '', 'Available'),
(539, 0, 8, 'A', 5, 19, '', 'Available'),
(540, 0, 8, 'B', 5, 19, '', 'Available'),
(541, 0, 8, 'A', 5, 20, '', 'Available'),
(542, 0, 8, 'B', 5, 20, '', 'Available'),
(543, 0, 8, 'A', 5, 21, '', 'Available'),
(544, 0, 8, 'B', 5, 21, '', 'Available'),
(545, 0, 8, 'A', 5, 22, '', 'Available'),
(546, 0, 8, 'B', 5, 22, '', 'Available'),
(547, 0, 8, 'A', 5, 23, '', 'Available'),
(548, 0, 8, 'B', 5, 23, '', 'Available'),
(549, 0, 8, 'A', 5, 24, '', 'Available'),
(550, 0, 8, 'B', 5, 24, '', 'Available'),
(551, 0, 8, 'A', 5, 25, '', 'Available'),
(552, 0, 8, 'B', 5, 25, '', 'Available'),
(553, 0, 8, 'A', 5, 26, '', 'Available'),
(554, 0, 8, 'B', 5, 26, '', 'Available'),
(555, 0, 8, 'A', 5, 27, '', 'Available'),
(556, 0, 8, 'B', 5, 27, '', 'Available'),
(557, 0, 8, 'A', 5, 28, '', 'Available'),
(558, 0, 8, 'B', 5, 28, '', 'Available'),
(559, 0, 8, 'A', 5, 29, '', 'Available'),
(560, 0, 8, 'B', 5, 29, '', 'Available'),
(561, 0, 8, 'A', 5, 30, '', 'Available'),
(562, 0, 8, 'B', 5, 30, '', 'Available');

-- --------------------------------------------------------

--
-- Table structure for table `company`
--

CREATE TABLE `company` (
  `companyID` int(5) NOT NULL,
  `companyName` varchar(30) NOT NULL,
  `companyContact` varchar(15) NOT NULL,
  `companyEmail` varchar(50) NOT NULL,
  `companyAddress` text NOT NULL,
  `foundedDate` date NOT NULL,
  `CEO` varchar(30) NOT NULL,
  `companyStatus` varchar(30) NOT NULL
) ENGINE=InnoDB DEFAULT CHARSET=utf8mb4 COLLATE=utf8mb4_general_ci;

--
-- Dumping data for table `company`
--

INSERT INTO `company` (`companyID`, `companyName`, `companyContact`, `companyEmail`, `companyAddress`, `foundedDate`, `CEO`, `companyStatus`) VALUES
(1, 'CompanyNEW', '0111222332', 'condoMS@gmail.com', '112,jalan 1212, taman 1212', '2023-12-20', 'Lim Yin Yin', 'Available'),
(2, 'CompanyMS', '0133303213', 'condome@gmail.com', 'No.19-3, 3rd Floor, Jalan Melati Utama 2, Taman Melati Utama, Setapak, 53100 Kuala Lumpur', '2023-11-11', 'Lim Yin Yin', 'Removed');

-- --------------------------------------------------------

--
-- Table structure for table `condominium`
--

CREATE TABLE `condominium` (
  `condoID` int(5) NOT NULL,
  `condoName` varchar(30) NOT NULL,
  `condoBlock` int(5) NOT NULL,
  `condoFloor` int(5) NOT NULL,
  `roomPerFloor` int(5) NOT NULL,
  `condoStatus` varchar(20) NOT NULL,
  `condoCarParkFloor` int(5) NOT NULL,
  `companyID` int(5) NOT NULL
) ENGINE=InnoDB DEFAULT CHARSET=utf8mb4 COLLATE=utf8mb4_general_ci;

--
-- Dumping data for table `condominium`
--

INSERT INTO `condominium` (`condoID`, `condoName`, `condoBlock`, `condoFloor`, `roomPerFloor`, `condoStatus`, `condoCarParkFloor`, `companyID`) VALUES
(1, 'Condo 1', 1, 20, 8, 'Available', 5, 1),
(2, 'Condo 2', 2, 20, 8, 'Available', 5, 1),
(3, 'Condo 3', 2, 20, 8, 'Available', 5, 1),
(4, 'Condo 4', 1, 20, 8, 'Available', 5, 1),
(5, 'condo 5', 1, 30, 10, 'Available', 5, 1),
(6, 'condo 6', 2, 30, 10, 'Removed', 3, 1),
(7, 'Condo 7', 2, 30, 10, 'Available', 5, 1),
(8, 'Condo 8', 2, 25, 12, 'Removed', 5, 1);

-- --------------------------------------------------------

--
-- Table structure for table `emergencycontact`
--

CREATE TABLE `emergencycontact` (
  `ecID` int(5) NOT NULL,
  `ecWhatsapp` varchar(30) NOT NULL,
  `ecSecurity` varchar(30) NOT NULL,
  `ecEmail` varchar(50) NOT NULL,
  `ecAddress` text NOT NULL,
  `condoID` int(5) NOT NULL
) ENGINE=InnoDB DEFAULT CHARSET=utf8mb4 COLLATE=utf8mb4_general_ci;

--
-- Dumping data for table `emergencycontact`
--

INSERT INTO `emergencycontact` (`ecID`, `ecWhatsapp`, `ecSecurity`, `ecEmail`, `ecAddress`, `condoID`) VALUES
(1, '0133303213', '0123999213', 'condome1@gmail.com', 'No.19-3, 3rd Floor, Jalan Melati Utama 2, Taman Melati Utama, Setapak, 53100 Kuala Lumpur', 1),
(2, '0124303253', '0139303283', 'condome2@gmail.com', 'No.29-3, 3rd Floor, Jalan Melati Utama 2, Taman Melati Utama, Setapak, 53100 Kuala Lumpur', 2),
(3, '0165553213', '0123309273', 'condome3@gmail.com', 'No.39-3, 3rd Floor, Jalan Melati Utama 2, Taman Melati Utama, Setapak, 53100 Kuala Lumpur', 3),
(4, '0163394213', '0133563513', 'condome4@gmail.com', 'No.49-3, 3rd Floor, Jalan Melati Utama 2, Taman Melati Utama, Setapak, 53100 Kuala Lumpur', 4),
(5, '0123333333', '0114567658', 'admin1@gmail.com', 'NO 010, JLN 010, TMN 010, 52100 KL', 5),
(6, '0123333333', '0114567658', 'admin1@gmail.com', 'NO 010, JLN 010, TMN 010, 52100 KL', 7),
(7, '0123333333', '0114567658', 'condo8@gmail.com', 'NO 010, JLN 010, TMN 010, 52100 KL', 8);

-- --------------------------------------------------------

--
-- Table structure for table `facilities`
--

CREATE TABLE `facilities` (
  `facilitiesID` int(5) NOT NULL,
  `facilitiesName` varchar(30) NOT NULL,
  `facilitiesStatus` varchar(15) NOT NULL,
  `facilitiesType` varchar(30) NOT NULL,
  `facilitiesImage` text NOT NULL,
  `condoID` int(5) NOT NULL
) ENGINE=InnoDB DEFAULT CHARSET=utf8mb4 COLLATE=utf8mb4_general_ci;

--
-- Dumping data for table `facilities`
--

INSERT INTO `facilities` (`facilitiesID`, `facilitiesName`, `facilitiesStatus`, `facilitiesType`, `facilitiesImage`, `condoID`) VALUES
(1, 'Swimming Pool 1', 'Available', 'Swimming Pool', 'SwimmingPool.jpg', 1),
(2, 'BBQ 1', 'Available', 'BBQ', 'BBQ.jpg', 1),
(3, 'Badminton Court 1', 'Available', 'Badminton Court', 'BadmintonCourt.jpg', 1),
(4, 'Gym Room 1', 'Available', 'Gym Room', 'GymRoom.jpg', 1),
(5, 'Hall 1', 'Available', 'Hall', 'Hall.jpg', 1),
(6, 'Swimming Pool 1', 'Available', 'Swimming Pool', 'SwimmingPool.jpg', 2),
(7, 'BBQ 1', 'Available', 'BBQ', 'BBQ.jpg', 2),
(8, 'Badminton Court 1', 'Available', 'Badminton Court', 'BadmintonCourt.jpg', 2),
(9, 'Gym Room 1', 'Available', 'Gym Room', 'GymRoom.jpg', 2),
(10, 'Hall 1', 'Available', 'Hall', 'Hall.jpg', 2),
(11, 'Swimming Pool 1', 'Available', 'Swimming Pool', 'SwimmingPool.jpg', 3),
(12, 'BBQ 1', 'Available', 'BBQ', 'BBQ.jpg', 3),
(13, 'Badminton Court 1', 'Available', 'Badminton Court', 'BadmintonCourt.jpg', 3),
(14, 'Gym Room 1', 'Available', 'Gym Room', 'GymRoom.jpg', 3),
(15, 'Hall 1', 'Available', 'Hall', 'Hall.jpg', 3),
(16, 'Swimming Pool 1', 'Available', 'Swimming Pool', 'SwimmingPool.jpg', 4),
(17, 'BBQ 1', 'Available', 'BBQ', 'BBQ.jpg', 4),
(18, 'Badminton Court 1', 'Available', 'Badminton Court', 'BadmintonCourt.jpg', 4),
(19, 'Gym Room 1', 'Available', 'Gym Room', 'GymRoom.jpg', 4),
(20, 'Hall 1', 'Available', 'Hall', 'Hall.jpg', 4),
(21, 'BBQ 2', 'Maintain', 'BBQ', 'IMG-65840b6833d0c7.43185603.jpg', 1),
(22, 'BBQ 1', 'Available', 'BBQ', 'IMG-65844e430b68e0.91301403.jpg', 7),
(23, 'Badminton Court 1', 'Available', 'Badminton Court', 'IMG-65844e4f544e99.65679041.jpg', 7),
(24, 'Badminton Court 2', 'Available', 'Badminton Court', 'IMG-65844e58cb75f6.21000857.jpg', 7),
(25, 'Hall 1', 'Available', 'Hall', 'IMG-65844e68197971.90938619.jpg', 7),
(26, 'Badminton Court 1', 'Available', 'Badminton Court', 'IMG-6585855e870e29.98885615.jpg', 8),
(27, 'Badminton Court 2', 'Available', 'Badminton Court', 'IMG-6585856e729495.72751922.jpg', 8),
(28, 'BBQ 1', 'Available', 'BBQ', 'IMG-65858583d89985.90517311.jpg', 8),
(29, 'BBQ 2', 'Available', 'BBQ', 'IMG-6585858c897b63.96755293.jpg', 8),
(30, 'Hall 1', 'Available', 'Hall', 'IMG-6585859470a764.36152035.jpg', 8),
(31, 'Hall 2', 'Available', 'Hall', 'IMG-6585859d889345.69093126.jpg', 8);

-- --------------------------------------------------------

--
-- Table structure for table `family`
--

CREATE TABLE `family` (
  `familyID` int(10) NOT NULL,
  `ownerID` int(10) NOT NULL,
  `familyName` varchar(50) NOT NULL,
  `familyIC` varchar(12) NOT NULL,
  `familyAge` int(3) NOT NULL,
  `familyPhone` varchar(12) NOT NULL,
  `familyEmail` varchar(50) NOT NULL,
  `familyGender` varchar(10) NOT NULL,
  `familyRelationship` varchar(30) NOT NULL,
  `familyStatus` varchar(15) NOT NULL
) ENGINE=InnoDB DEFAULT CHARSET=utf8mb4 COLLATE=utf8mb4_general_ci;

--
-- Dumping data for table `family`
--

INSERT INTO `family` (`familyID`, `ownerID`, `familyName`, `familyIC`, `familyAge`, `familyPhone`, `familyEmail`, `familyGender`, `familyRelationship`, `familyStatus`) VALUES
(1, 9, 'Father', '010202020202', 30, '0122233445', 'denn@gmail.com', 'Male', 'Father', 'Unavailable'),
(2, 10, 'Lau Qing', '020202101010', 10, '0122233445', 'cheng10011@gmail.com', 'Male', 'Son', 'Unavailable');

-- --------------------------------------------------------

--
-- Table structure for table `house`
--

CREATE TABLE `house` (
  `houseID` int(10) NOT NULL,
  `floor` int(3) NOT NULL,
  `houseNumber` int(3) NOT NULL,
  `block` varchar(3) NOT NULL,
  `squareFeet` int(5) NOT NULL,
  `houseStatus` varchar(20) NOT NULL,
  `condoID` int(10) NOT NULL
) ENGINE=InnoDB DEFAULT CHARSET=utf8mb4 COLLATE=utf8mb4_general_ci;

--
-- Dumping data for table `house`
--

INSERT INTO `house` (`houseID`, `floor`, `houseNumber`, `block`, `squareFeet`, `houseStatus`, `condoID`) VALUES
(1, 5, 1, 'A', 800, 'Available', 1),
(2, 5, 2, 'A', 800, 'Unavailable', 1),
(3, 5, 3, 'A', 800, 'Available', 1),
(4, 5, 4, 'A', 800, 'Unavailable', 1),
(5, 5, 5, 'A', 800, 'Available', 1),
(6, 5, 6, 'A', 800, 'Available', 1),
(7, 5, 7, 'A', 800, 'Available', 1),
(8, 5, 8, 'A', 800, 'Available', 1),
(9, 6, 1, 'A', 800, 'Available', 1),
(10, 6, 2, 'A', 800, 'Available', 1),
(11, 6, 3, 'A', 800, 'Available', 1),
(12, 6, 4, 'A', 800, 'Unavailable', 1),
(13, 6, 5, 'A', 800, 'Available', 1),
(14, 6, 6, 'A', 800, 'Available', 1),
(15, 6, 7, 'A', 800, 'Available', 1),
(16, 6, 8, 'A', 800, 'Available', 1),
(17, 7, 1, 'A', 800, 'Available', 1),
(18, 7, 2, 'A', 800, 'Available', 1),
(19, 7, 3, 'A', 800, 'Available', 1),
(20, 7, 4, 'A', 800, 'Available', 1),
(21, 7, 5, 'A', 800, 'Available', 1),
(22, 7, 6, 'A', 800, 'Available', 1),
(23, 7, 7, 'A', 800, 'Available', 1),
(24, 7, 8, 'A', 800, 'Available', 1),
(25, 8, 1, 'A', 800, 'Available', 1),
(26, 8, 2, 'A', 800, 'Available', 1),
(27, 8, 3, 'A', 800, 'Available', 1),
(28, 8, 4, 'A', 800, 'Available', 1),
(29, 8, 5, 'A', 800, 'Available', 1),
(30, 8, 6, 'A', 800, 'Available', 1),
(31, 8, 7, 'A', 800, 'Available', 1),
(32, 8, 8, 'A', 800, 'Available', 1),
(33, 9, 1, 'A', 800, 'Available', 1),
(34, 9, 2, 'A', 800, 'Available', 1),
(35, 9, 3, 'A', 800, 'Available', 1),
(36, 9, 4, 'A', 800, 'Available', 1),
(37, 9, 5, 'A', 800, 'Available', 1),
(38, 9, 6, 'A', 800, 'Available', 1),
(39, 9, 7, 'A', 800, 'Available', 1),
(40, 9, 8, 'A', 800, 'Available', 1),
(41, 10, 1, 'A', 800, 'Available', 1),
(42, 10, 2, 'A', 800, 'Available', 1),
(43, 10, 3, 'A', 800, 'Available', 1),
(44, 10, 4, 'A', 800, 'Available', 1),
(45, 10, 5, 'A', 800, 'Available', 1),
(46, 10, 6, 'A', 800, 'Available', 1),
(47, 10, 7, 'A', 800, 'Available', 1),
(48, 10, 8, 'A', 800, 'Available', 1),
(49, 11, 1, 'A', 1000, 'Available', 1),
(50, 11, 2, 'A', 1000, 'Available', 1),
(51, 11, 3, 'A', 1000, 'Available', 1),
(52, 11, 4, 'A', 1000, 'Available', 1),
(53, 11, 5, 'A', 1000, 'Available', 1),
(54, 11, 6, 'A', 1000, 'Available', 1),
(55, 11, 7, 'A', 1000, 'Available', 1),
(56, 11, 8, 'A', 1000, 'Available', 1),
(57, 12, 1, 'A', 1000, 'Available', 1),
(58, 12, 2, 'A', 1000, 'Available', 1),
(59, 12, 3, 'A', 1000, 'Available', 1),
(60, 12, 4, 'A', 1000, 'Available', 1),
(61, 12, 5, 'A', 1000, 'Available', 1),
(62, 12, 6, 'A', 1000, 'Available', 1),
(63, 12, 7, 'A', 1000, 'Available', 1),
(64, 12, 8, 'A', 1000, 'Available', 1),
(65, 13, 1, 'A', 1000, 'Available', 1),
(66, 13, 2, 'A', 1000, 'Available', 1),
(67, 13, 3, 'A', 1000, 'Available', 1),
(68, 13, 4, 'A', 1000, 'Available', 1),
(69, 13, 5, 'A', 1000, 'Available', 1),
(70, 13, 6, 'A', 1000, 'Available', 1),
(71, 13, 7, 'A', 1000, 'Available', 1),
(72, 13, 8, 'A', 1000, 'Available', 1),
(73, 14, 1, 'A', 1000, 'Available', 1),
(74, 14, 2, 'A', 1000, 'Available', 1),
(75, 14, 3, 'A', 1000, 'Available', 1),
(76, 14, 4, 'A', 1000, 'Available', 1),
(77, 14, 5, 'A', 1000, 'Available', 1),
(78, 14, 6, 'A', 1000, 'Available', 1),
(79, 14, 7, 'A', 1000, 'Available', 1),
(80, 14, 8, 'A', 1000, 'Available', 1),
(81, 15, 1, 'A', 1000, 'Available', 1),
(82, 15, 2, 'A', 1000, 'Available', 1),
(83, 15, 3, 'A', 1000, 'Available', 1),
(84, 15, 4, 'A', 1000, 'Available', 1),
(85, 15, 5, 'A', 1000, 'Available', 1),
(86, 15, 6, 'A', 1000, 'Available', 1),
(87, 15, 7, 'A', 1000, 'Available', 1),
(88, 15, 8, 'A', 1000, 'Available', 1),
(89, 16, 1, 'A', 1000, 'Available', 1),
(90, 16, 2, 'A', 1000, 'Available', 1),
(91, 16, 3, 'A', 1000, 'Available', 1),
(92, 16, 4, 'A', 1000, 'Available', 1),
(93, 16, 5, 'A', 1000, 'Available', 1),
(94, 16, 6, 'A', 1000, 'Available', 1),
(95, 16, 7, 'A', 1000, 'Available', 1),
(96, 16, 8, 'A', 1000, 'Available', 1),
(97, 17, 1, 'A', 1000, 'Available', 1),
(98, 17, 2, 'A', 1000, 'Available', 1),
(99, 17, 3, 'A', 1000, 'Available', 1),
(100, 17, 4, 'A', 1000, 'Available', 1),
(101, 17, 5, 'A', 1000, 'Available', 1),
(102, 17, 6, 'A', 1000, 'Available', 1),
(103, 17, 7, 'A', 1000, 'Available', 1),
(104, 17, 8, 'A', 1000, 'Available', 1),
(105, 18, 1, 'A', 1000, 'Available', 1),
(106, 18, 2, 'A', 1000, 'Available', 1),
(107, 18, 3, 'A', 1000, 'Available', 1),
(108, 18, 4, 'A', 1000, 'Available', 1),
(109, 18, 5, 'A', 1000, 'Available', 1),
(110, 18, 6, 'A', 1000, 'Available', 1),
(111, 18, 7, 'A', 1000, 'Available', 1),
(112, 18, 8, 'A', 1000, 'Available', 1),
(113, 19, 1, 'A', 1000, 'Available', 1),
(114, 19, 2, 'A', 1000, 'Available', 1),
(115, 19, 3, 'A', 1000, 'Available', 1),
(116, 19, 4, 'A', 1000, 'Available', 1),
(117, 19, 5, 'A', 1000, 'Available', 1),
(118, 19, 6, 'A', 1000, 'Available', 1),
(119, 19, 7, 'A', 1000, 'Available', 1),
(120, 19, 8, 'A', 1000, 'Available', 1),
(121, 20, 1, 'A', 1000, 'Available', 1),
(122, 20, 2, 'A', 1000, 'Available', 1),
(123, 20, 3, 'A', 1000, 'Available', 1),
(124, 20, 4, 'A', 1000, 'Available', 1),
(125, 20, 5, 'A', 1000, 'Available', 1),
(126, 20, 6, 'A', 1000, 'Available', 1),
(127, 20, 7, 'A', 1000, 'Available', 1),
(128, 20, 8, 'A', 1000, 'Available', 1),
(129, 5, 1, 'A', 800, 'Unavailable', 2),
(130, 5, 1, 'B', 800, 'Unavailable', 2),
(131, 5, 2, 'A', 800, 'Available', 2),
(132, 5, 2, 'B', 800, 'Unavailable', 2),
(133, 5, 3, 'A', 800, 'Available', 2),
(134, 5, 3, 'B', 800, 'Available', 2),
(135, 5, 4, 'A', 800, 'Available', 2),
(136, 5, 4, 'B', 800, 'Available', 2),
(137, 5, 5, 'A', 800, 'Available', 2),
(138, 5, 5, 'B', 800, 'Available', 2),
(139, 5, 6, 'A', 800, 'Available', 2),
(140, 5, 6, 'B', 800, 'Available', 2),
(141, 5, 7, 'A', 800, 'Available', 2),
(142, 5, 7, 'B', 800, 'Available', 2),
(143, 5, 8, 'A', 800, 'Available', 2),
(144, 5, 8, 'B', 800, 'Available', 2),
(145, 6, 1, 'A', 800, 'Available', 2),
(146, 6, 1, 'B', 800, 'Available', 2),
(147, 6, 2, 'A', 800, 'Available', 2),
(148, 6, 2, 'B', 800, 'Available', 2),
(149, 6, 3, 'A', 800, 'Available', 2),
(150, 6, 3, 'B', 800, 'Available', 2),
(151, 6, 4, 'A', 800, 'Available', 2),
(152, 6, 4, 'B', 800, 'Available', 2),
(153, 6, 5, 'A', 800, 'Available', 2),
(154, 6, 5, 'B', 800, 'Available', 2),
(155, 6, 6, 'A', 800, 'Available', 2),
(156, 6, 6, 'B', 800, 'Available', 2),
(157, 6, 7, 'A', 800, 'Available', 2),
(158, 6, 7, 'B', 800, 'Available', 2),
(159, 6, 8, 'A', 800, 'Available', 2),
(160, 6, 8, 'B', 800, 'Available', 2),
(161, 7, 1, 'A', 800, 'Available', 2),
(162, 7, 1, 'B', 800, 'Available', 2),
(163, 7, 2, 'A', 800, 'Available', 2),
(164, 7, 2, 'B', 800, 'Available', 2),
(165, 7, 3, 'A', 800, 'Available', 2),
(166, 7, 3, 'B', 800, 'Available', 2),
(167, 7, 4, 'A', 800, 'Available', 2),
(168, 7, 4, 'B', 800, 'Available', 2),
(169, 7, 5, 'A', 800, 'Available', 2),
(170, 7, 5, 'B', 800, 'Available', 2),
(171, 7, 6, 'A', 800, 'Available', 2),
(172, 7, 6, 'B', 800, 'Available', 2),
(173, 7, 7, 'A', 800, 'Available', 2),
(174, 7, 7, 'B', 800, 'Available', 2),
(175, 7, 8, 'A', 800, 'Available', 2),
(176, 7, 8, 'B', 800, 'Available', 2),
(177, 8, 1, 'A', 800, 'Available', 2),
(178, 8, 1, 'B', 800, 'Available', 2),
(179, 8, 2, 'A', 800, 'Available', 2),
(180, 8, 2, 'B', 800, 'Available', 2),
(181, 8, 3, 'A', 800, 'Available', 2),
(182, 8, 3, 'B', 800, 'Available', 2),
(183, 8, 4, 'A', 800, 'Available', 2),
(184, 8, 4, 'B', 800, 'Available', 2),
(185, 8, 5, 'A', 800, 'Available', 2),
(186, 8, 5, 'B', 800, 'Available', 2),
(187, 8, 6, 'A', 800, 'Available', 2),
(188, 8, 6, 'B', 800, 'Available', 2),
(189, 8, 7, 'A', 800, 'Available', 2),
(190, 8, 7, 'B', 800, 'Available', 2),
(191, 8, 8, 'A', 800, 'Available', 2),
(192, 8, 8, 'B', 800, 'Available', 2),
(193, 9, 1, 'A', 800, 'Available', 2),
(194, 9, 1, 'B', 800, 'Available', 2),
(195, 9, 2, 'A', 800, 'Available', 2),
(196, 9, 2, 'B', 800, 'Available', 2),
(197, 9, 3, 'A', 800, 'Available', 2),
(198, 9, 3, 'B', 800, 'Available', 2),
(199, 9, 4, 'A', 800, 'Available', 2),
(200, 9, 4, 'B', 800, 'Available', 2),
(201, 9, 5, 'A', 800, 'Available', 2),
(202, 9, 5, 'B', 800, 'Available', 2),
(203, 9, 6, 'A', 800, 'Available', 2),
(204, 9, 6, 'B', 800, 'Available', 2),
(205, 9, 7, 'A', 800, 'Available', 2),
(206, 9, 7, 'B', 800, 'Available', 2),
(207, 9, 8, 'A', 800, 'Available', 2),
(208, 9, 8, 'B', 800, 'Available', 2),
(209, 10, 1, 'A', 800, 'Available', 2),
(210, 10, 1, 'B', 800, 'Available', 2),
(211, 10, 2, 'A', 800, 'Available', 2),
(212, 10, 2, 'B', 800, 'Available', 2),
(213, 10, 3, 'A', 800, 'Available', 2),
(214, 10, 3, 'B', 800, 'Available', 2),
(215, 10, 4, 'A', 800, 'Available', 2),
(216, 10, 4, 'B', 800, 'Available', 2),
(217, 10, 5, 'A', 800, 'Available', 2),
(218, 10, 5, 'B', 800, 'Available', 2),
(219, 10, 6, 'A', 800, 'Available', 2),
(220, 10, 6, 'B', 800, 'Available', 2),
(221, 10, 7, 'A', 800, 'Available', 2),
(222, 10, 7, 'B', 800, 'Available', 2),
(223, 10, 8, 'A', 800, 'Available', 2),
(224, 10, 8, 'B', 800, 'Available', 2),
(225, 11, 1, 'A', 1000, 'Available', 2),
(226, 11, 1, 'B', 1000, 'Available', 2),
(227, 11, 2, 'A', 1000, 'Available', 2),
(228, 11, 2, 'B', 1000, 'Available', 2),
(229, 11, 3, 'A', 1000, 'Available', 2),
(230, 11, 3, 'B', 1000, 'Available', 2),
(231, 11, 4, 'A', 1000, 'Available', 2),
(232, 11, 4, 'B', 1000, 'Available', 2),
(233, 11, 5, 'A', 1000, 'Available', 2),
(234, 11, 5, 'B', 1000, 'Available', 2),
(235, 11, 6, 'A', 1000, 'Available', 2),
(236, 11, 6, 'B', 1000, 'Available', 2),
(237, 11, 7, 'A', 1000, 'Available', 2),
(238, 11, 7, 'B', 1000, 'Available', 2),
(239, 11, 8, 'A', 1000, 'Available', 2),
(240, 11, 8, 'B', 1000, 'Available', 2),
(241, 12, 1, 'A', 1000, 'Available', 2),
(242, 12, 1, 'B', 1000, 'Available', 2),
(243, 12, 2, 'A', 1000, 'Available', 2),
(244, 12, 2, 'B', 1000, 'Available', 2),
(245, 12, 3, 'A', 1000, 'Available', 2),
(246, 12, 3, 'B', 1000, 'Available', 2),
(247, 12, 4, 'A', 1000, 'Available', 2),
(248, 12, 4, 'B', 1000, 'Available', 2),
(249, 12, 5, 'A', 1000, 'Available', 2),
(250, 12, 5, 'B', 1000, 'Available', 2),
(251, 12, 6, 'A', 1000, 'Available', 2),
(252, 12, 6, 'B', 1000, 'Available', 2),
(253, 12, 7, 'A', 1000, 'Available', 2),
(254, 12, 7, 'B', 1000, 'Available', 2),
(255, 12, 8, 'A', 1000, 'Available', 2),
(256, 12, 8, 'B', 1000, 'Available', 2),
(257, 13, 1, 'A', 1000, 'Available', 2),
(258, 13, 1, 'B', 1000, 'Available', 2),
(259, 13, 2, 'A', 1000, 'Available', 2),
(260, 13, 2, 'B', 1000, 'Available', 2),
(261, 13, 3, 'A', 1000, 'Available', 2),
(262, 13, 3, 'B', 1000, 'Available', 2),
(263, 13, 4, 'A', 1000, 'Available', 2),
(264, 13, 4, 'B', 1000, 'Available', 2),
(265, 13, 5, 'A', 1000, 'Available', 2),
(266, 13, 5, 'B', 1000, 'Available', 2),
(267, 13, 6, 'A', 1000, 'Available', 2),
(268, 13, 6, 'B', 1000, 'Available', 2),
(269, 13, 7, 'A', 1000, 'Available', 2),
(270, 13, 7, 'B', 1000, 'Available', 2),
(271, 13, 8, 'A', 1000, 'Available', 2),
(272, 13, 8, 'B', 1000, 'Available', 2),
(273, 14, 1, 'A', 1000, 'Available', 2),
(274, 14, 1, 'B', 1000, 'Available', 2),
(275, 14, 2, 'A', 1000, 'Available', 2),
(276, 14, 2, 'B', 1000, 'Available', 2),
(277, 14, 3, 'A', 1000, 'Available', 2),
(278, 14, 3, 'B', 1000, 'Available', 2),
(279, 14, 4, 'A', 1000, 'Available', 2),
(280, 14, 4, 'B', 1000, 'Available', 2),
(281, 14, 5, 'A', 1000, 'Available', 2),
(282, 14, 5, 'B', 1000, 'Available', 2),
(283, 14, 6, 'A', 1000, 'Available', 2),
(284, 14, 6, 'B', 1000, 'Available', 2),
(285, 14, 7, 'A', 1000, 'Available', 2),
(286, 14, 7, 'B', 1000, 'Available', 2),
(287, 14, 8, 'A', 1000, 'Available', 2),
(288, 14, 8, 'B', 1000, 'Available', 2),
(289, 15, 1, 'A', 1000, 'Available', 2),
(290, 15, 1, 'B', 1000, 'Available', 2),
(291, 15, 2, 'A', 1000, 'Available', 2),
(292, 15, 2, 'B', 1000, 'Available', 2),
(293, 15, 3, 'A', 1000, 'Available', 2),
(294, 15, 3, 'B', 1000, 'Available', 2),
(295, 15, 4, 'A', 1000, 'Available', 2),
(296, 15, 4, 'B', 1000, 'Available', 2),
(297, 15, 5, 'A', 1000, 'Available', 2),
(298, 15, 5, 'B', 1000, 'Available', 2),
(299, 15, 6, 'A', 1000, 'Available', 2),
(300, 15, 6, 'B', 1000, 'Available', 2),
(301, 15, 7, 'A', 1000, 'Available', 2),
(302, 15, 7, 'B', 1000, 'Available', 2),
(303, 15, 8, 'A', 1000, 'Available', 2),
(304, 15, 8, 'B', 1000, 'Available', 2),
(305, 16, 1, 'A', 1000, 'Available', 2),
(306, 16, 1, 'B', 1000, 'Available', 2),
(307, 16, 2, 'A', 1000, 'Available', 2),
(308, 16, 2, 'B', 1000, 'Available', 2),
(309, 16, 3, 'A', 1000, 'Available', 2),
(310, 16, 3, 'B', 1000, 'Available', 2),
(311, 16, 4, 'A', 1000, 'Available', 2),
(312, 16, 4, 'B', 1000, 'Available', 2),
(313, 16, 5, 'A', 1000, 'Available', 2),
(314, 16, 5, 'B', 1000, 'Available', 2),
(315, 16, 6, 'A', 1000, 'Available', 2),
(316, 16, 6, 'B', 1000, 'Available', 2),
(317, 16, 7, 'A', 1000, 'Available', 2),
(318, 16, 7, 'B', 1000, 'Available', 2),
(319, 16, 8, 'A', 1000, 'Available', 2),
(320, 16, 8, 'B', 1000, 'Available', 2),
(321, 17, 1, 'A', 1000, 'Available', 2),
(322, 17, 1, 'B', 1000, 'Available', 2),
(323, 17, 2, 'A', 1000, 'Available', 2),
(324, 17, 2, 'B', 1000, 'Available', 2),
(325, 17, 3, 'A', 1000, 'Available', 2),
(326, 17, 3, 'B', 1000, 'Available', 2),
(327, 17, 4, 'A', 1000, 'Available', 2),
(328, 17, 4, 'B', 1000, 'Available', 2),
(329, 17, 5, 'A', 1000, 'Available', 2),
(330, 17, 5, 'B', 1000, 'Available', 2),
(331, 17, 6, 'A', 1000, 'Available', 2),
(332, 17, 6, 'B', 1000, 'Available', 2),
(333, 17, 7, 'A', 1000, 'Available', 2),
(334, 17, 7, 'B', 1000, 'Available', 2),
(335, 17, 8, 'A', 1000, 'Available', 2),
(336, 17, 8, 'B', 1000, 'Available', 2),
(337, 18, 1, 'A', 1000, 'Available', 2),
(338, 18, 1, 'B', 1000, 'Available', 2),
(339, 18, 2, 'A', 1000, 'Available', 2),
(340, 18, 2, 'B', 1000, 'Available', 2),
(341, 18, 3, 'A', 1000, 'Available', 2),
(342, 18, 3, 'B', 1000, 'Available', 2),
(343, 18, 4, 'A', 1000, 'Available', 2),
(344, 18, 4, 'B', 1000, 'Available', 2),
(345, 18, 5, 'A', 1000, 'Available', 2),
(346, 18, 5, 'B', 1000, 'Available', 2),
(347, 18, 6, 'A', 1000, 'Available', 2),
(348, 18, 6, 'B', 1000, 'Available', 2),
(349, 18, 7, 'A', 1000, 'Available', 2),
(350, 18, 7, 'B', 1000, 'Available', 2),
(351, 18, 8, 'A', 1000, 'Available', 2),
(352, 18, 8, 'B', 1000, 'Available', 2),
(353, 19, 1, 'A', 1000, 'Available', 2),
(354, 19, 1, 'B', 1000, 'Available', 2),
(355, 19, 2, 'A', 1000, 'Available', 2),
(356, 19, 2, 'B', 1000, 'Available', 2),
(357, 19, 3, 'A', 1000, 'Available', 2),
(358, 19, 3, 'B', 1000, 'Available', 2),
(359, 19, 4, 'A', 1000, 'Available', 2),
(360, 19, 4, 'B', 1000, 'Available', 2),
(361, 19, 5, 'A', 1000, 'Available', 2),
(362, 19, 5, 'B', 1000, 'Available', 2),
(363, 19, 6, 'A', 1000, 'Available', 2),
(364, 19, 6, 'B', 1000, 'Available', 2),
(365, 19, 7, 'A', 1000, 'Available', 2),
(366, 19, 7, 'B', 1000, 'Available', 2),
(367, 19, 8, 'A', 1000, 'Available', 2),
(368, 19, 8, 'B', 1000, 'Available', 2),
(369, 20, 1, 'A', 1000, 'Available', 2),
(370, 20, 1, 'B', 1000, 'Available', 2),
(371, 20, 2, 'A', 1000, 'Available', 2),
(372, 20, 2, 'B', 1000, 'Available', 2),
(373, 20, 3, 'A', 1000, 'Available', 2),
(374, 20, 3, 'B', 1000, 'Available', 2),
(375, 20, 4, 'A', 1000, 'Available', 2),
(376, 20, 4, 'B', 1000, 'Available', 2),
(377, 20, 5, 'A', 1000, 'Available', 2),
(378, 20, 5, 'B', 1000, 'Available', 2),
(379, 20, 6, 'A', 1000, 'Available', 2),
(380, 20, 6, 'B', 1000, 'Available', 2),
(381, 20, 7, 'A', 1000, 'Available', 2),
(382, 20, 7, 'B', 1000, 'Available', 2),
(383, 20, 8, 'A', 1000, 'Available', 2),
(384, 20, 8, 'B', 1000, 'Available', 2),
(385, 5, 1, 'A', 800, 'Unavailable', 3),
(386, 5, 1, 'B', 800, 'Available', 3),
(387, 5, 2, 'A', 800, 'Available', 3),
(388, 5, 2, 'B', 800, 'Available', 3),
(389, 5, 3, 'A', 800, 'Available', 3),
(390, 5, 3, 'B', 800, 'Available', 3),
(391, 5, 4, 'A', 800, 'Available', 3),
(392, 5, 4, 'B', 800, 'Available', 3),
(393, 5, 5, 'A', 800, 'Available', 3),
(394, 5, 5, 'B', 800, 'Available', 3),
(395, 5, 6, 'A', 800, 'Available', 3),
(396, 5, 6, 'B', 800, 'Available', 3),
(397, 5, 7, 'A', 800, 'Available', 3),
(398, 5, 7, 'B', 800, 'Available', 3),
(399, 5, 8, 'A', 800, 'Available', 3),
(400, 5, 8, 'B', 800, 'Available', 3),
(401, 6, 1, 'A', 800, 'Available', 3),
(402, 6, 1, 'B', 800, 'Available', 3),
(403, 6, 2, 'A', 800, 'Available', 3),
(404, 6, 2, 'B', 800, 'Available', 3),
(405, 6, 3, 'A', 800, 'Available', 3),
(406, 6, 3, 'B', 800, 'Available', 3),
(407, 6, 4, 'A', 800, 'Available', 3),
(408, 6, 4, 'B', 800, 'Available', 3),
(409, 6, 5, 'A', 800, 'Available', 3),
(410, 6, 5, 'B', 800, 'Available', 3),
(411, 6, 6, 'A', 800, 'Available', 3),
(412, 6, 6, 'B', 800, 'Available', 3),
(413, 6, 7, 'A', 800, 'Available', 3),
(414, 6, 7, 'B', 800, 'Available', 3),
(415, 6, 8, 'A', 800, 'Available', 3),
(416, 6, 8, 'B', 800, 'Available', 3),
(417, 7, 1, 'A', 800, 'Available', 3),
(418, 7, 1, 'B', 800, 'Available', 3),
(419, 7, 2, 'A', 800, 'Available', 3),
(420, 7, 2, 'B', 800, 'Available', 3),
(421, 7, 3, 'A', 800, 'Available', 3),
(422, 7, 3, 'B', 800, 'Available', 3),
(423, 7, 4, 'A', 800, 'Available', 3),
(424, 7, 4, 'B', 800, 'Available', 3),
(425, 7, 5, 'A', 800, 'Available', 3),
(426, 7, 5, 'B', 800, 'Available', 3),
(427, 7, 6, 'A', 800, 'Available', 3),
(428, 7, 6, 'B', 800, 'Available', 3),
(429, 7, 7, 'A', 800, 'Available', 3),
(430, 7, 7, 'B', 800, 'Available', 3),
(431, 7, 8, 'A', 800, 'Available', 3),
(432, 7, 8, 'B', 800, 'Available', 3),
(433, 8, 1, 'A', 800, 'Available', 3),
(434, 8, 1, 'B', 800, 'Available', 3),
(435, 8, 2, 'A', 800, 'Available', 3),
(436, 8, 2, 'B', 800, 'Available', 3),
(437, 8, 3, 'A', 800, 'Available', 3),
(438, 8, 3, 'B', 800, 'Available', 3),
(439, 8, 4, 'A', 800, 'Available', 3),
(440, 8, 4, 'B', 800, 'Available', 3),
(441, 8, 5, 'A', 800, 'Available', 3),
(442, 8, 5, 'B', 800, 'Available', 3),
(443, 8, 6, 'A', 800, 'Available', 3),
(444, 8, 6, 'B', 800, 'Available', 3),
(445, 8, 7, 'A', 800, 'Available', 3),
(446, 8, 7, 'B', 800, 'Available', 3),
(447, 8, 8, 'A', 800, 'Available', 3),
(448, 8, 8, 'B', 800, 'Available', 3),
(449, 9, 1, 'A', 800, 'Available', 3),
(450, 9, 1, 'B', 800, 'Available', 3),
(451, 9, 2, 'A', 800, 'Available', 3),
(452, 9, 2, 'B', 800, 'Available', 3),
(453, 9, 3, 'A', 800, 'Available', 3),
(454, 9, 3, 'B', 800, 'Available', 3),
(455, 9, 4, 'A', 800, 'Available', 3),
(456, 9, 4, 'B', 800, 'Available', 3),
(457, 9, 5, 'A', 800, 'Available', 3),
(458, 9, 5, 'B', 800, 'Available', 3),
(459, 9, 6, 'A', 800, 'Available', 3),
(460, 9, 6, 'B', 800, 'Available', 3),
(461, 9, 7, 'A', 800, 'Available', 3),
(462, 9, 7, 'B', 800, 'Available', 3),
(463, 9, 8, 'A', 800, 'Available', 3),
(464, 9, 8, 'B', 800, 'Available', 3),
(465, 10, 1, 'A', 800, 'Available', 3),
(466, 10, 1, 'B', 800, 'Available', 3),
(467, 10, 2, 'A', 800, 'Available', 3),
(468, 10, 2, 'B', 800, 'Available', 3),
(469, 10, 3, 'A', 800, 'Available', 3),
(470, 10, 3, 'B', 800, 'Available', 3),
(471, 10, 4, 'A', 800, 'Available', 3),
(472, 10, 4, 'B', 800, 'Available', 3),
(473, 10, 5, 'A', 800, 'Available', 3),
(474, 10, 5, 'B', 800, 'Available', 3),
(475, 10, 6, 'A', 800, 'Available', 3),
(476, 10, 6, 'B', 800, 'Available', 3),
(477, 10, 7, 'A', 800, 'Available', 3),
(478, 10, 7, 'B', 800, 'Available', 3),
(479, 10, 8, 'A', 800, 'Available', 3),
(480, 10, 8, 'B', 800, 'Available', 3),
(481, 11, 1, 'A', 1000, 'Available', 3),
(482, 11, 1, 'B', 1000, 'Available', 3),
(483, 11, 2, 'A', 1000, 'Available', 3),
(484, 11, 2, 'B', 1000, 'Available', 3),
(485, 11, 3, 'A', 1000, 'Available', 3),
(486, 11, 3, 'B', 1000, 'Available', 3),
(487, 11, 4, 'A', 1000, 'Available', 3),
(488, 11, 4, 'B', 1000, 'Available', 3),
(489, 11, 5, 'A', 1000, 'Available', 3),
(490, 11, 5, 'B', 1000, 'Available', 3),
(491, 11, 6, 'A', 1000, 'Available', 3),
(492, 11, 6, 'B', 1000, 'Available', 3),
(493, 11, 7, 'A', 1000, 'Available', 3),
(494, 11, 7, 'B', 1000, 'Available', 3),
(495, 11, 8, 'A', 1000, 'Available', 3),
(496, 11, 8, 'B', 1000, 'Available', 3),
(497, 12, 1, 'A', 1000, 'Available', 3),
(498, 12, 1, 'B', 1000, 'Available', 3),
(499, 12, 2, 'A', 1000, 'Available', 3),
(500, 12, 2, 'B', 1000, 'Available', 3),
(501, 12, 3, 'A', 1000, 'Available', 3),
(502, 12, 3, 'B', 1000, 'Available', 3),
(503, 12, 4, 'A', 1000, 'Available', 3),
(504, 12, 4, 'B', 1000, 'Available', 3),
(505, 12, 5, 'A', 1000, 'Available', 3),
(506, 12, 5, 'B', 1000, 'Available', 3),
(507, 12, 6, 'A', 1000, 'Available', 3),
(508, 12, 6, 'B', 1000, 'Available', 3),
(509, 12, 7, 'A', 1000, 'Available', 3),
(510, 12, 7, 'B', 1000, 'Available', 3),
(511, 12, 8, 'A', 1000, 'Available', 3),
(512, 12, 8, 'B', 1000, 'Available', 3),
(513, 13, 1, 'A', 1000, 'Available', 3),
(514, 13, 1, 'B', 1000, 'Available', 3),
(515, 13, 2, 'A', 1000, 'Available', 3),
(516, 13, 2, 'B', 1000, 'Available', 3),
(517, 13, 3, 'A', 1000, 'Available', 3),
(518, 13, 3, 'B', 1000, 'Available', 3),
(519, 13, 4, 'A', 1000, 'Available', 3),
(520, 13, 4, 'B', 1000, 'Available', 3),
(521, 13, 5, 'A', 1000, 'Available', 3),
(522, 13, 5, 'B', 1000, 'Available', 3),
(523, 13, 6, 'A', 1000, 'Available', 3),
(524, 13, 6, 'B', 1000, 'Available', 3),
(525, 13, 7, 'A', 1000, 'Available', 3),
(526, 13, 7, 'B', 1000, 'Available', 3),
(527, 13, 8, 'A', 1000, 'Available', 3),
(528, 13, 8, 'B', 1000, 'Available', 3),
(529, 14, 1, 'A', 1000, 'Available', 3),
(530, 14, 1, 'B', 1000, 'Available', 3),
(531, 14, 2, 'A', 1000, 'Available', 3),
(532, 14, 2, 'B', 1000, 'Available', 3),
(533, 14, 3, 'A', 1000, 'Available', 3),
(534, 14, 3, 'B', 1000, 'Available', 3),
(535, 14, 4, 'A', 1000, 'Available', 3),
(536, 14, 4, 'B', 1000, 'Available', 3),
(537, 14, 5, 'A', 1000, 'Available', 3),
(538, 14, 5, 'B', 1000, 'Available', 3),
(539, 14, 6, 'A', 1000, 'Available', 3),
(540, 14, 6, 'B', 1000, 'Available', 3),
(541, 14, 7, 'A', 1000, 'Available', 3),
(542, 14, 7, 'B', 1000, 'Available', 3),
(543, 14, 8, 'A', 1000, 'Available', 3),
(544, 14, 8, 'B', 1000, 'Available', 3),
(545, 15, 1, 'A', 1000, 'Available', 3),
(546, 15, 1, 'B', 1000, 'Available', 3),
(547, 15, 2, 'A', 1000, 'Available', 3),
(548, 15, 2, 'B', 1000, 'Available', 3),
(549, 15, 3, 'A', 1000, 'Available', 3),
(550, 15, 3, 'B', 1000, 'Available', 3),
(551, 15, 4, 'A', 1000, 'Available', 3),
(552, 15, 4, 'B', 1000, 'Available', 3),
(553, 15, 5, 'A', 1000, 'Available', 3),
(554, 15, 5, 'B', 1000, 'Available', 3),
(555, 15, 6, 'A', 1000, 'Available', 3),
(556, 15, 6, 'B', 1000, 'Available', 3),
(557, 15, 7, 'A', 1000, 'Available', 3),
(558, 15, 7, 'B', 1000, 'Available', 3),
(559, 15, 8, 'A', 1000, 'Available', 3),
(560, 15, 8, 'B', 1000, 'Available', 3),
(561, 16, 1, 'A', 1000, 'Available', 3),
(562, 16, 1, 'B', 1000, 'Available', 3),
(563, 16, 2, 'A', 1000, 'Available', 3),
(564, 16, 2, 'B', 1000, 'Available', 3),
(565, 16, 3, 'A', 1000, 'Available', 3),
(566, 16, 3, 'B', 1000, 'Available', 3),
(567, 16, 4, 'A', 1000, 'Available', 3),
(568, 16, 4, 'B', 1000, 'Available', 3),
(569, 16, 5, 'A', 1000, 'Available', 3),
(570, 16, 5, 'B', 1000, 'Available', 3),
(571, 16, 6, 'A', 1000, 'Available', 3),
(572, 16, 6, 'B', 1000, 'Available', 3),
(573, 16, 7, 'A', 1000, 'Available', 3),
(574, 16, 7, 'B', 1000, 'Available', 3),
(575, 16, 8, 'A', 1000, 'Available', 3),
(576, 16, 8, 'B', 1000, 'Available', 3),
(577, 17, 1, 'A', 1000, 'Available', 3),
(578, 17, 1, 'B', 1000, 'Available', 3),
(579, 17, 2, 'A', 1000, 'Available', 3),
(580, 17, 2, 'B', 1000, 'Available', 3),
(581, 17, 3, 'A', 1000, 'Available', 3),
(582, 17, 3, 'B', 1000, 'Available', 3),
(583, 17, 4, 'A', 1000, 'Available', 3),
(584, 17, 4, 'B', 1000, 'Available', 3),
(585, 17, 5, 'A', 1000, 'Available', 3),
(586, 17, 5, 'B', 1000, 'Available', 3),
(587, 17, 6, 'A', 1000, 'Available', 3),
(588, 17, 6, 'B', 1000, 'Available', 3),
(589, 17, 7, 'A', 1000, 'Available', 3),
(590, 17, 7, 'B', 1000, 'Available', 3),
(591, 17, 8, 'A', 1000, 'Available', 3),
(592, 17, 8, 'B', 1000, 'Available', 3),
(593, 18, 1, 'A', 1000, 'Available', 3),
(594, 18, 1, 'B', 1000, 'Available', 3),
(595, 18, 2, 'A', 1000, 'Available', 3),
(596, 18, 2, 'B', 1000, 'Available', 3),
(597, 18, 3, 'A', 1000, 'Available', 3),
(598, 18, 3, 'B', 1000, 'Available', 3),
(599, 18, 4, 'A', 1000, 'Available', 3),
(600, 18, 4, 'B', 1000, 'Available', 3),
(601, 18, 5, 'A', 1000, 'Available', 3),
(602, 18, 5, 'B', 1000, 'Available', 3),
(603, 18, 6, 'A', 1000, 'Available', 3),
(604, 18, 6, 'B', 1000, 'Available', 3),
(605, 18, 7, 'A', 1000, 'Available', 3),
(606, 18, 7, 'B', 1000, 'Available', 3),
(607, 18, 8, 'A', 1000, 'Available', 3),
(608, 18, 8, 'B', 1000, 'Available', 3),
(609, 19, 1, 'A', 1000, 'Available', 3),
(610, 19, 1, 'B', 1000, 'Available', 3),
(611, 19, 2, 'A', 1000, 'Available', 3),
(612, 19, 2, 'B', 1000, 'Available', 3),
(613, 19, 3, 'A', 1000, 'Available', 3),
(614, 19, 3, 'B', 1000, 'Available', 3),
(615, 19, 4, 'A', 1000, 'Available', 3),
(616, 19, 4, 'B', 1000, 'Available', 3),
(617, 19, 5, 'A', 1000, 'Available', 3),
(618, 19, 5, 'B', 1000, 'Available', 3),
(619, 19, 6, 'A', 1000, 'Available', 3),
(620, 19, 6, 'B', 1000, 'Available', 3),
(621, 19, 7, 'A', 1000, 'Available', 3),
(622, 19, 7, 'B', 1000, 'Available', 3),
(623, 19, 8, 'A', 1000, 'Available', 3),
(624, 19, 8, 'B', 1000, 'Available', 3),
(625, 20, 1, 'A', 1000, 'Available', 3),
(626, 20, 1, 'B', 1000, 'Available', 3),
(627, 20, 2, 'A', 1000, 'Available', 3),
(628, 20, 2, 'B', 1000, 'Available', 3),
(629, 20, 3, 'A', 1000, 'Available', 3),
(630, 20, 3, 'B', 1000, 'Available', 3),
(631, 20, 4, 'A', 1000, 'Available', 3),
(632, 20, 4, 'B', 1000, 'Available', 3),
(633, 20, 5, 'A', 1000, 'Available', 3),
(634, 20, 5, 'B', 1000, 'Available', 3),
(635, 20, 6, 'A', 1000, 'Available', 3),
(636, 20, 6, 'B', 1000, 'Available', 3),
(637, 20, 7, 'A', 1000, 'Available', 3),
(638, 20, 7, 'B', 1000, 'Available', 3),
(639, 20, 8, 'A', 1000, 'Available', 3),
(640, 20, 8, 'B', 1000, 'Available', 3),
(641, 5, 1, 'A', 800, 'Available', 4),
(642, 5, 2, 'A', 800, 'Available', 4),
(643, 5, 3, 'A', 800, 'Available', 4),
(644, 5, 4, 'A', 800, 'Available', 4),
(645, 5, 5, 'A', 800, 'Available', 4),
(646, 5, 6, 'A', 800, 'Available', 4),
(647, 5, 7, 'A', 800, 'Available', 4),
(648, 5, 8, 'A', 800, 'Available', 4),
(649, 6, 1, 'A', 800, 'Available', 4),
(650, 6, 2, 'A', 800, 'Available', 4),
(651, 6, 3, 'A', 800, 'Available', 4),
(652, 6, 4, 'A', 800, 'Available', 4),
(653, 6, 5, 'A', 800, 'Available', 4),
(654, 6, 6, 'A', 800, 'Available', 4),
(655, 6, 7, 'A', 800, 'Available', 4),
(656, 6, 8, 'A', 800, 'Available', 4),
(657, 7, 1, 'A', 800, 'Available', 4),
(658, 7, 2, 'A', 800, 'Available', 4),
(659, 7, 3, 'A', 800, 'Available', 4),
(660, 7, 4, 'A', 800, 'Available', 4),
(661, 7, 5, 'A', 800, 'Available', 4),
(662, 7, 6, 'A', 800, 'Available', 4),
(663, 7, 7, 'A', 800, 'Available', 4),
(664, 7, 8, 'A', 800, 'Available', 4),
(665, 8, 1, 'A', 800, 'Available', 4),
(666, 8, 2, 'A', 800, 'Available', 4),
(667, 8, 3, 'A', 800, 'Available', 4),
(668, 8, 4, 'A', 800, 'Available', 4),
(669, 8, 5, 'A', 800, 'Available', 4),
(670, 8, 6, 'A', 800, 'Available', 4),
(671, 8, 7, 'A', 800, 'Available', 4),
(672, 8, 8, 'A', 800, 'Available', 4),
(673, 9, 1, 'A', 800, 'Available', 4),
(674, 9, 2, 'A', 800, 'Available', 4),
(675, 9, 3, 'A', 800, 'Available', 4),
(676, 9, 4, 'A', 800, 'Available', 4),
(677, 9, 5, 'A', 800, 'Available', 4),
(678, 9, 6, 'A', 800, 'Available', 4),
(679, 9, 7, 'A', 800, 'Available', 4),
(680, 9, 8, 'A', 800, 'Available', 4),
(681, 10, 1, 'A', 800, 'Available', 4),
(682, 10, 2, 'A', 800, 'Available', 4),
(683, 10, 3, 'A', 800, 'Available', 4),
(684, 10, 4, 'A', 800, 'Available', 4),
(685, 10, 5, 'A', 800, 'Available', 4),
(686, 10, 6, 'A', 800, 'Unavailable', 4),
(687, 10, 7, 'A', 800, 'Available', 4),
(688, 10, 8, 'A', 800, 'Available', 4),
(689, 11, 1, 'A', 1000, 'Available', 4),
(690, 11, 2, 'A', 1000, 'Available', 4),
(691, 11, 3, 'A', 1000, 'Available', 4),
(692, 11, 4, 'A', 1000, 'Available', 4),
(693, 11, 5, 'A', 1000, 'Available', 4),
(694, 11, 6, 'A', 1000, 'Available', 4),
(695, 11, 7, 'A', 1000, 'Available', 4),
(696, 11, 8, 'A', 1000, 'Available', 4),
(697, 12, 1, 'A', 1000, 'Available', 4),
(698, 12, 2, 'A', 1000, 'Available', 4),
(699, 12, 3, 'A', 1000, 'Available', 4),
(700, 12, 4, 'A', 1000, 'Available', 4),
(701, 12, 5, 'A', 1000, 'Available', 4),
(702, 12, 6, 'A', 1000, 'Available', 4),
(703, 12, 7, 'A', 1000, 'Available', 4),
(704, 12, 8, 'A', 1000, 'Available', 4),
(705, 13, 1, 'A', 1000, 'Available', 4),
(706, 13, 2, 'A', 1000, 'Available', 4),
(707, 13, 3, 'A', 1000, 'Available', 4),
(708, 13, 4, 'A', 1000, 'Available', 4),
(709, 13, 5, 'A', 1000, 'Available', 4),
(710, 13, 6, 'A', 1000, 'Available', 4),
(711, 13, 7, 'A', 1000, 'Available', 4),
(712, 13, 8, 'A', 1000, 'Available', 4),
(713, 14, 1, 'A', 1000, 'Available', 4),
(714, 14, 2, 'A', 1000, 'Available', 4),
(715, 14, 3, 'A', 1000, 'Available', 4),
(716, 14, 4, 'A', 1000, 'Available', 4),
(717, 14, 5, 'A', 1000, 'Available', 4),
(718, 14, 6, 'A', 1000, 'Available', 4),
(719, 14, 7, 'A', 1000, 'Available', 4),
(720, 14, 8, 'A', 1000, 'Available', 4),
(721, 15, 1, 'A', 1000, 'Available', 4),
(722, 15, 2, 'A', 1000, 'Available', 4),
(723, 15, 3, 'A', 1000, 'Available', 4),
(724, 15, 4, 'A', 1000, 'Available', 4),
(725, 15, 5, 'A', 1000, 'Available', 4),
(726, 15, 6, 'A', 1000, 'Available', 4),
(727, 15, 7, 'A', 1000, 'Available', 4),
(728, 15, 8, 'A', 1000, 'Available', 4),
(729, 16, 1, 'A', 1000, 'Available', 4),
(730, 16, 2, 'A', 1000, 'Available', 4),
(731, 16, 3, 'A', 1000, 'Available', 4),
(732, 16, 4, 'A', 1000, 'Available', 4),
(733, 16, 5, 'A', 1000, 'Available', 4),
(734, 16, 6, 'A', 1000, 'Available', 4),
(735, 16, 7, 'A', 1000, 'Available', 4),
(736, 16, 8, 'A', 1000, 'Available', 4),
(737, 17, 1, 'A', 1000, 'Available', 4),
(738, 17, 2, 'A', 1000, 'Available', 4),
(739, 17, 3, 'A', 1000, 'Available', 4),
(740, 17, 4, 'A', 1000, 'Available', 4),
(741, 17, 5, 'A', 1000, 'Available', 4),
(742, 17, 6, 'A', 1000, 'Available', 4),
(743, 17, 7, 'A', 1000, 'Available', 4),
(744, 17, 8, 'A', 1000, 'Available', 4),
(745, 18, 1, 'A', 1000, 'Available', 4),
(746, 18, 2, 'A', 1000, 'Available', 4),
(747, 18, 3, 'A', 1000, 'Available', 4),
(748, 18, 4, 'A', 1000, 'Available', 4),
(749, 18, 5, 'A', 1000, 'Available', 4),
(750, 18, 6, 'A', 1000, 'Available', 4),
(751, 18, 7, 'A', 1000, 'Available', 4),
(752, 18, 8, 'A', 1000, 'Available', 4),
(753, 19, 1, 'A', 1000, 'Available', 4),
(754, 19, 2, 'A', 1000, 'Available', 4),
(755, 19, 3, 'A', 1000, 'Available', 4),
(756, 19, 4, 'A', 1000, 'Available', 4),
(757, 19, 5, 'A', 1000, 'Available', 4),
(758, 19, 6, 'A', 1000, 'Available', 4),
(759, 19, 7, 'A', 1000, 'Available', 4),
(760, 19, 8, 'A', 1000, 'Available', 4),
(761, 20, 1, 'A', 1000, 'Available', 4),
(762, 20, 2, 'A', 1000, 'Available', 4),
(763, 20, 3, 'A', 1000, 'Available', 4),
(764, 20, 4, 'A', 1000, 'Available', 4),
(765, 20, 5, 'A', 1000, 'Available', 4),
(766, 20, 6, 'A', 1000, 'Available', 4),
(767, 20, 7, 'A', 1000, 'Available', 4),
(768, 20, 8, 'A', 1000, 'Available', 4),
(769, 5, 1, 'A', 800, 'Available', 7),
(770, 5, 1, 'B', 800, 'Available', 7),
(771, 5, 2, 'A', 800, 'Available', 7),
(772, 5, 2, 'B', 800, 'Available', 7),
(773, 5, 3, 'A', 800, 'Available', 7),
(774, 5, 3, 'B', 800, 'Available', 7),
(775, 5, 4, 'A', 800, 'Available', 7),
(776, 5, 4, 'B', 800, 'Available', 7),
(777, 5, 5, 'A', 800, 'Available', 7),
(778, 5, 5, 'B', 800, 'Available', 7),
(779, 5, 6, 'A', 800, 'Available', 7),
(780, 5, 6, 'B', 800, 'Available', 7),
(781, 5, 7, 'A', 800, 'Available', 7),
(782, 5, 7, 'B', 800, 'Available', 7),
(783, 5, 8, 'A', 800, 'Available', 7),
(784, 5, 8, 'B', 800, 'Available', 7),
(785, 5, 9, 'A', 800, 'Available', 7),
(786, 5, 9, 'B', 800, 'Available', 7),
(787, 5, 10, 'A', 800, 'Available', 7),
(788, 5, 10, 'B', 800, 'Available', 7),
(789, 6, 1, 'A', 800, 'Available', 7),
(790, 6, 1, 'B', 800, 'Available', 7),
(791, 6, 2, 'A', 800, 'Available', 7),
(792, 6, 2, 'B', 800, 'Available', 7),
(793, 6, 3, 'A', 800, 'Available', 7),
(794, 6, 3, 'B', 800, 'Available', 7),
(795, 6, 4, 'A', 800, 'Available', 7),
(796, 6, 4, 'B', 800, 'Available', 7),
(797, 6, 5, 'A', 800, 'Available', 7),
(798, 6, 5, 'B', 800, 'Available', 7),
(799, 6, 6, 'A', 800, 'Available', 7),
(800, 6, 6, 'B', 800, 'Available', 7),
(801, 6, 7, 'A', 800, 'Available', 7),
(802, 6, 7, 'B', 800, 'Available', 7),
(803, 6, 8, 'A', 800, 'Available', 7),
(804, 6, 8, 'B', 800, 'Available', 7),
(805, 6, 9, 'A', 800, 'Available', 7),
(806, 6, 9, 'B', 800, 'Available', 7),
(807, 6, 10, 'A', 800, 'Available', 7),
(808, 6, 10, 'B', 800, 'Available', 7),
(809, 7, 1, 'A', 800, 'Available', 7),
(810, 7, 1, 'B', 800, 'Available', 7),
(811, 7, 2, 'A', 800, 'Available', 7),
(812, 7, 2, 'B', 800, 'Available', 7),
(813, 7, 3, 'A', 800, 'Available', 7),
(814, 7, 3, 'B', 800, 'Available', 7),
(815, 7, 4, 'A', 800, 'Available', 7),
(816, 7, 4, 'B', 800, 'Available', 7),
(817, 7, 5, 'A', 800, 'Available', 7),
(818, 7, 5, 'B', 800, 'Available', 7),
(819, 7, 6, 'A', 800, 'Available', 7),
(820, 7, 6, 'B', 800, 'Available', 7),
(821, 7, 7, 'A', 800, 'Available', 7),
(822, 7, 7, 'B', 800, 'Available', 7),
(823, 7, 8, 'A', 800, 'Available', 7),
(824, 7, 8, 'B', 800, 'Available', 7),
(825, 7, 9, 'A', 800, 'Available', 7),
(826, 7, 9, 'B', 800, 'Available', 7),
(827, 7, 10, 'A', 800, 'Available', 7),
(828, 7, 10, 'B', 800, 'Available', 7),
(829, 8, 1, 'A', 800, 'Available', 7),
(830, 8, 1, 'B', 800, 'Available', 7),
(831, 8, 2, 'A', 800, 'Available', 7),
(832, 8, 2, 'B', 800, 'Available', 7),
(833, 8, 3, 'A', 800, 'Available', 7),
(834, 8, 3, 'B', 800, 'Available', 7),
(835, 8, 4, 'A', 800, 'Available', 7),
(836, 8, 4, 'B', 800, 'Available', 7),
(837, 8, 5, 'A', 800, 'Available', 7),
(838, 8, 5, 'B', 800, 'Available', 7),
(839, 8, 6, 'A', 800, 'Available', 7),
(840, 8, 6, 'B', 800, 'Available', 7),
(841, 8, 7, 'A', 800, 'Available', 7),
(842, 8, 7, 'B', 800, 'Available', 7),
(843, 8, 8, 'A', 800, 'Available', 7),
(844, 8, 8, 'B', 800, 'Available', 7),
(845, 8, 9, 'A', 800, 'Available', 7),
(846, 8, 9, 'B', 800, 'Available', 7),
(847, 8, 10, 'A', 800, 'Available', 7),
(848, 8, 10, 'B', 800, 'Available', 7),
(849, 9, 1, 'A', 800, 'Available', 7),
(850, 9, 1, 'B', 800, 'Available', 7),
(851, 9, 2, 'A', 800, 'Available', 7),
(852, 9, 2, 'B', 800, 'Available', 7),
(853, 9, 3, 'A', 800, 'Available', 7),
(854, 9, 3, 'B', 800, 'Available', 7),
(855, 9, 4, 'A', 800, 'Available', 7),
(856, 9, 4, 'B', 800, 'Available', 7),
(857, 9, 5, 'A', 800, 'Available', 7),
(858, 9, 5, 'B', 800, 'Available', 7),
(859, 9, 6, 'A', 800, 'Available', 7),
(860, 9, 6, 'B', 800, 'Available', 7),
(861, 9, 7, 'A', 800, 'Available', 7),
(862, 9, 7, 'B', 800, 'Available', 7),
(863, 9, 8, 'A', 800, 'Available', 7),
(864, 9, 8, 'B', 800, 'Available', 7),
(865, 9, 9, 'A', 800, 'Available', 7),
(866, 9, 9, 'B', 800, 'Available', 7),
(867, 9, 10, 'A', 800, 'Available', 7),
(868, 9, 10, 'B', 800, 'Available', 7),
(869, 10, 1, 'A', 800, 'Available', 7),
(870, 10, 1, 'B', 800, 'Available', 7),
(871, 10, 2, 'A', 800, 'Available', 7),
(872, 10, 2, 'B', 800, 'Available', 7),
(873, 10, 3, 'A', 800, 'Available', 7),
(874, 10, 3, 'B', 800, 'Available', 7),
(875, 10, 4, 'A', 800, 'Available', 7),
(876, 10, 4, 'B', 800, 'Available', 7),
(877, 10, 5, 'A', 800, 'Available', 7),
(878, 10, 5, 'B', 800, 'Available', 7),
(879, 10, 6, 'A', 800, 'Available', 7),
(880, 10, 6, 'B', 800, 'Available', 7),
(881, 10, 7, 'A', 800, 'Available', 7),
(882, 10, 7, 'B', 800, 'Available', 7),
(883, 10, 8, 'A', 800, 'Available', 7),
(884, 10, 8, 'B', 800, 'Available', 7),
(885, 10, 9, 'A', 800, 'Available', 7),
(886, 10, 9, 'B', 800, 'Available', 7),
(887, 10, 10, 'A', 800, 'Available', 7),
(888, 10, 10, 'B', 800, 'Available', 7),
(889, 11, 1, 'A', 1000, 'Available', 7),
(890, 11, 1, 'B', 1000, 'Available', 7),
(891, 11, 2, 'A', 1000, 'Available', 7),
(892, 11, 2, 'B', 1000, 'Available', 7),
(893, 11, 3, 'A', 1000, 'Available', 7),
(894, 11, 3, 'B', 1000, 'Available', 7),
(895, 11, 4, 'A', 1000, 'Available', 7),
(896, 11, 4, 'B', 1000, 'Available', 7),
(897, 11, 5, 'A', 1000, 'Available', 7),
(898, 11, 5, 'B', 1000, 'Available', 7),
(899, 11, 6, 'A', 1000, 'Available', 7),
(900, 11, 6, 'B', 1000, 'Available', 7),
(901, 11, 7, 'A', 1000, 'Available', 7),
(902, 11, 7, 'B', 1000, 'Available', 7),
(903, 11, 8, 'A', 1000, 'Available', 7),
(904, 11, 8, 'B', 1000, 'Available', 7),
(905, 11, 9, 'A', 1000, 'Available', 7),
(906, 11, 9, 'B', 1000, 'Available', 7),
(907, 11, 10, 'A', 1000, 'Available', 7),
(908, 11, 10, 'B', 1000, 'Available', 7),
(909, 12, 1, 'A', 1000, 'Available', 7),
(910, 12, 1, 'B', 1000, 'Available', 7),
(911, 12, 2, 'A', 1000, 'Available', 7),
(912, 12, 2, 'B', 1000, 'Available', 7),
(913, 12, 3, 'A', 1000, 'Available', 7),
(914, 12, 3, 'B', 1000, 'Available', 7),
(915, 12, 4, 'A', 1000, 'Available', 7),
(916, 12, 4, 'B', 1000, 'Available', 7),
(917, 12, 5, 'A', 1000, 'Available', 7),
(918, 12, 5, 'B', 1000, 'Available', 7),
(919, 12, 6, 'A', 1000, 'Available', 7),
(920, 12, 6, 'B', 1000, 'Available', 7),
(921, 12, 7, 'A', 1000, 'Available', 7),
(922, 12, 7, 'B', 1000, 'Available', 7),
(923, 12, 8, 'A', 1000, 'Available', 7),
(924, 12, 8, 'B', 1000, 'Available', 7),
(925, 12, 9, 'A', 1000, 'Available', 7),
(926, 12, 9, 'B', 1000, 'Available', 7),
(927, 12, 10, 'A', 1000, 'Available', 7),
(928, 12, 10, 'B', 1000, 'Available', 7),
(929, 13, 1, 'A', 1000, 'Available', 7),
(930, 13, 1, 'B', 1000, 'Available', 7),
(931, 13, 2, 'A', 1000, 'Available', 7),
(932, 13, 2, 'B', 1000, 'Available', 7),
(933, 13, 3, 'A', 1000, 'Available', 7),
(934, 13, 3, 'B', 1000, 'Available', 7),
(935, 13, 4, 'A', 1000, 'Available', 7),
(936, 13, 4, 'B', 1000, 'Available', 7),
(937, 13, 5, 'A', 1000, 'Available', 7),
(938, 13, 5, 'B', 1000, 'Available', 7),
(939, 13, 6, 'A', 1000, 'Available', 7),
(940, 13, 6, 'B', 1000, 'Available', 7),
(941, 13, 7, 'A', 1000, 'Available', 7),
(942, 13, 7, 'B', 1000, 'Available', 7),
(943, 13, 8, 'A', 1000, 'Available', 7),
(944, 13, 8, 'B', 1000, 'Available', 7),
(945, 13, 9, 'A', 1000, 'Available', 7),
(946, 13, 9, 'B', 1000, 'Available', 7),
(947, 13, 10, 'A', 1000, 'Available', 7),
(948, 13, 10, 'B', 1000, 'Available', 7),
(949, 14, 1, 'A', 1000, 'Available', 7),
(950, 14, 1, 'B', 1000, 'Available', 7),
(951, 14, 2, 'A', 1000, 'Available', 7),
(952, 14, 2, 'B', 1000, 'Available', 7),
(953, 14, 3, 'A', 1000, 'Available', 7),
(954, 14, 3, 'B', 1000, 'Available', 7),
(955, 14, 4, 'A', 1000, 'Available', 7),
(956, 14, 4, 'B', 1000, 'Available', 7),
(957, 14, 5, 'A', 1000, 'Available', 7),
(958, 14, 5, 'B', 1000, 'Available', 7),
(959, 14, 6, 'A', 1000, 'Available', 7),
(960, 14, 6, 'B', 1000, 'Available', 7),
(961, 14, 7, 'A', 1000, 'Available', 7),
(962, 14, 7, 'B', 1000, 'Available', 7),
(963, 14, 8, 'A', 1000, 'Available', 7),
(964, 14, 8, 'B', 1000, 'Available', 7),
(965, 14, 9, 'A', 1000, 'Available', 7),
(966, 14, 9, 'B', 1000, 'Available', 7),
(967, 14, 10, 'A', 1000, 'Available', 7),
(968, 14, 10, 'B', 1000, 'Available', 7),
(969, 15, 1, 'A', 1000, 'Available', 7),
(970, 15, 1, 'B', 1000, 'Available', 7),
(971, 15, 2, 'A', 1000, 'Available', 7),
(972, 15, 2, 'B', 1000, 'Available', 7),
(973, 15, 3, 'A', 1000, 'Available', 7),
(974, 15, 3, 'B', 1000, 'Available', 7),
(975, 15, 4, 'A', 1000, 'Available', 7),
(976, 15, 4, 'B', 1000, 'Available', 7),
(977, 15, 5, 'A', 1000, 'Available', 7),
(978, 15, 5, 'B', 1000, 'Available', 7),
(979, 15, 6, 'A', 1000, 'Available', 7),
(980, 15, 6, 'B', 1000, 'Available', 7),
(981, 15, 7, 'A', 1000, 'Available', 7),
(982, 15, 7, 'B', 1000, 'Available', 7),
(983, 15, 8, 'A', 1000, 'Available', 7),
(984, 15, 8, 'B', 1000, 'Available', 7),
(985, 15, 9, 'A', 1000, 'Available', 7),
(986, 15, 9, 'B', 1000, 'Available', 7),
(987, 15, 10, 'A', 1000, 'Available', 7),
(988, 15, 10, 'B', 1000, 'Available', 7),
(989, 16, 1, 'A', 1000, 'Available', 7),
(990, 16, 1, 'B', 1000, 'Available', 7),
(991, 16, 2, 'A', 1000, 'Available', 7),
(992, 16, 2, 'B', 1000, 'Available', 7),
(993, 16, 3, 'A', 1000, 'Available', 7),
(994, 16, 3, 'B', 1000, 'Available', 7),
(995, 16, 4, 'A', 1000, 'Available', 7),
(996, 16, 4, 'B', 1000, 'Available', 7),
(997, 16, 5, 'A', 1000, 'Available', 7),
(998, 16, 5, 'B', 1000, 'Available', 7),
(999, 16, 6, 'A', 1000, 'Available', 7),
(1000, 16, 6, 'B', 1000, 'Unavailable', 7),
(1001, 16, 7, 'A', 1000, 'Available', 7),
(1002, 16, 7, 'B', 1000, 'Available', 7),
(1003, 16, 8, 'A', 1000, 'Available', 7),
(1004, 16, 8, 'B', 1000, 'Available', 7),
(1005, 16, 9, 'A', 1000, 'Available', 7),
(1006, 16, 9, 'B', 1000, 'Available', 7),
(1007, 16, 10, 'A', 1000, 'Available', 7),
(1008, 16, 10, 'B', 1000, 'Available', 7),
(1009, 17, 1, 'A', 1000, 'Available', 7),
(1010, 17, 1, 'B', 1000, 'Available', 7),
(1011, 17, 2, 'A', 1000, 'Available', 7),
(1012, 17, 2, 'B', 1000, 'Available', 7),
(1013, 17, 3, 'A', 1000, 'Available', 7),
(1014, 17, 3, 'B', 1000, 'Available', 7),
(1015, 17, 4, 'A', 1000, 'Available', 7),
(1016, 17, 4, 'B', 1000, 'Available', 7),
(1017, 17, 5, 'A', 1000, 'Available', 7),
(1018, 17, 5, 'B', 1000, 'Available', 7),
(1019, 17, 6, 'A', 1000, 'Available', 7),
(1020, 17, 6, 'B', 1000, 'Available', 7),
(1021, 17, 7, 'A', 1000, 'Available', 7),
(1022, 17, 7, 'B', 1000, 'Available', 7),
(1023, 17, 8, 'A', 1000, 'Available', 7),
(1024, 17, 8, 'B', 1000, 'Available', 7),
(1025, 17, 9, 'A', 1000, 'Available', 7),
(1026, 17, 9, 'B', 1000, 'Available', 7),
(1027, 17, 10, 'A', 1000, 'Available', 7),
(1028, 17, 10, 'B', 1000, 'Available', 7),
(1029, 18, 1, 'A', 1000, 'Available', 7),
(1030, 18, 1, 'B', 1000, 'Available', 7),
(1031, 18, 2, 'A', 1000, 'Available', 7),
(1032, 18, 2, 'B', 1000, 'Available', 7),
(1033, 18, 3, 'A', 1000, 'Available', 7),
(1034, 18, 3, 'B', 1000, 'Available', 7),
(1035, 18, 4, 'A', 1000, 'Available', 7),
(1036, 18, 4, 'B', 1000, 'Available', 7),
(1037, 18, 5, 'A', 1000, 'Available', 7),
(1038, 18, 5, 'B', 1000, 'Available', 7),
(1039, 18, 6, 'A', 1000, 'Available', 7),
(1040, 18, 6, 'B', 1000, 'Available', 7),
(1041, 18, 7, 'A', 1000, 'Available', 7),
(1042, 18, 7, 'B', 1000, 'Available', 7),
(1043, 18, 8, 'A', 1000, 'Available', 7),
(1044, 18, 8, 'B', 1000, 'Available', 7),
(1045, 18, 9, 'A', 1000, 'Available', 7),
(1046, 18, 9, 'B', 1000, 'Available', 7),
(1047, 18, 10, 'A', 1000, 'Available', 7),
(1048, 18, 10, 'B', 1000, 'Available', 7),
(1049, 19, 1, 'A', 1000, 'Available', 7),
(1050, 19, 1, 'B', 1000, 'Available', 7),
(1051, 19, 2, 'A', 1000, 'Available', 7),
(1052, 19, 2, 'B', 1000, 'Available', 7),
(1053, 19, 3, 'A', 1000, 'Available', 7),
(1054, 19, 3, 'B', 1000, 'Available', 7),
(1055, 19, 4, 'A', 1000, 'Available', 7),
(1056, 19, 4, 'B', 1000, 'Available', 7),
(1057, 19, 5, 'A', 1000, 'Available', 7),
(1058, 19, 5, 'B', 1000, 'Available', 7),
(1059, 19, 6, 'A', 1000, 'Available', 7),
(1060, 19, 6, 'B', 1000, 'Available', 7),
(1061, 19, 7, 'A', 1000, 'Available', 7),
(1062, 19, 7, 'B', 1000, 'Available', 7),
(1063, 19, 8, 'A', 1000, 'Available', 7),
(1064, 19, 8, 'B', 1000, 'Available', 7),
(1065, 19, 9, 'A', 1000, 'Available', 7),
(1066, 19, 9, 'B', 1000, 'Available', 7),
(1067, 19, 10, 'A', 1000, 'Available', 7),
(1068, 19, 10, 'B', 1000, 'Available', 7),
(1069, 20, 1, 'A', 1000, 'Available', 7),
(1070, 20, 1, 'B', 1000, 'Available', 7),
(1071, 20, 2, 'A', 1000, 'Available', 7),
(1072, 20, 2, 'B', 1000, 'Available', 7),
(1073, 20, 3, 'A', 1000, 'Available', 7),
(1074, 20, 3, 'B', 1000, 'Available', 7),
(1075, 20, 4, 'A', 1000, 'Available', 7),
(1076, 20, 4, 'B', 1000, 'Available', 7),
(1077, 20, 5, 'A', 1000, 'Available', 7),
(1078, 20, 5, 'B', 1000, 'Available', 7),
(1079, 20, 6, 'A', 1000, 'Available', 7),
(1080, 20, 6, 'B', 1000, 'Available', 7),
(1081, 20, 7, 'A', 1000, 'Available', 7),
(1082, 20, 7, 'B', 1000, 'Available', 7),
(1083, 20, 8, 'A', 1000, 'Available', 7),
(1084, 20, 8, 'B', 1000, 'Available', 7),
(1085, 20, 9, 'A', 1000, 'Available', 7),
(1086, 20, 9, 'B', 1000, 'Available', 7),
(1087, 20, 10, 'A', 1000, 'Available', 7),
(1088, 20, 10, 'B', 1000, 'Available', 7),
(1089, 21, 1, 'A', 1000, 'Available', 7),
(1090, 21, 1, 'B', 1000, 'Available', 7),
(1091, 21, 2, 'A', 1000, 'Available', 7),
(1092, 21, 2, 'B', 1000, 'Available', 7),
(1093, 21, 3, 'A', 1000, 'Available', 7),
(1094, 21, 3, 'B', 1000, 'Available', 7),
(1095, 21, 4, 'A', 1000, 'Available', 7),
(1096, 21, 4, 'B', 1000, 'Available', 7),
(1097, 21, 5, 'A', 1000, 'Available', 7),
(1098, 21, 5, 'B', 1000, 'Available', 7),
(1099, 21, 6, 'A', 1000, 'Available', 7),
(1100, 21, 6, 'B', 1000, 'Available', 7),
(1101, 21, 7, 'A', 1000, 'Available', 7),
(1102, 21, 7, 'B', 1000, 'Available', 7),
(1103, 21, 8, 'A', 1000, 'Available', 7),
(1104, 21, 8, 'B', 1000, 'Available', 7),
(1105, 21, 9, 'A', 1000, 'Available', 7),
(1106, 21, 9, 'B', 1000, 'Available', 7),
(1107, 21, 10, 'A', 1000, 'Available', 7),
(1108, 21, 10, 'B', 1000, 'Available', 7),
(1109, 22, 1, 'A', 1000, 'Available', 7),
(1110, 22, 1, 'B', 1000, 'Available', 7),
(1111, 22, 2, 'A', 1000, 'Available', 7),
(1112, 22, 2, 'B', 1000, 'Available', 7),
(1113, 22, 3, 'A', 1000, 'Available', 7),
(1114, 22, 3, 'B', 1000, 'Available', 7),
(1115, 22, 4, 'A', 1000, 'Available', 7),
(1116, 22, 4, 'B', 1000, 'Available', 7),
(1117, 22, 5, 'A', 1000, 'Available', 7),
(1118, 22, 5, 'B', 1000, 'Available', 7),
(1119, 22, 6, 'A', 1000, 'Available', 7),
(1120, 22, 6, 'B', 1000, 'Available', 7),
(1121, 22, 7, 'A', 1000, 'Available', 7),
(1122, 22, 7, 'B', 1000, 'Available', 7),
(1123, 22, 8, 'A', 1000, 'Available', 7),
(1124, 22, 8, 'B', 1000, 'Available', 7),
(1125, 22, 9, 'A', 1000, 'Available', 7),
(1126, 22, 9, 'B', 1000, 'Available', 7),
(1127, 22, 10, 'A', 1000, 'Available', 7),
(1128, 22, 10, 'B', 1000, 'Available', 7),
(1129, 23, 1, 'A', 1000, 'Available', 7),
(1130, 23, 1, 'B', 1000, 'Available', 7),
(1131, 23, 2, 'A', 1000, 'Available', 7),
(1132, 23, 2, 'B', 1000, 'Available', 7),
(1133, 23, 3, 'A', 1000, 'Available', 7),
(1134, 23, 3, 'B', 1000, 'Available', 7),
(1135, 23, 4, 'A', 1000, 'Available', 7),
(1136, 23, 4, 'B', 1000, 'Available', 7),
(1137, 23, 5, 'A', 1000, 'Available', 7),
(1138, 23, 5, 'B', 1000, 'Available', 7),
(1139, 23, 6, 'A', 1000, 'Available', 7),
(1140, 23, 6, 'B', 1000, 'Available', 7),
(1141, 23, 7, 'A', 1000, 'Available', 7),
(1142, 23, 7, 'B', 1000, 'Available', 7),
(1143, 23, 8, 'A', 1000, 'Available', 7),
(1144, 23, 8, 'B', 1000, 'Available', 7),
(1145, 23, 9, 'A', 1000, 'Available', 7),
(1146, 23, 9, 'B', 1000, 'Available', 7),
(1147, 23, 10, 'A', 1000, 'Available', 7),
(1148, 23, 10, 'B', 1000, 'Available', 7),
(1149, 24, 1, 'A', 1000, 'Available', 7),
(1150, 24, 1, 'B', 1000, 'Available', 7),
(1151, 24, 2, 'A', 1000, 'Available', 7),
(1152, 24, 2, 'B', 1000, 'Available', 7),
(1153, 24, 3, 'A', 1000, 'Available', 7),
(1154, 24, 3, 'B', 1000, 'Available', 7),
(1155, 24, 4, 'A', 1000, 'Available', 7),
(1156, 24, 4, 'B', 1000, 'Available', 7),
(1157, 24, 5, 'A', 1000, 'Available', 7),
(1158, 24, 5, 'B', 1000, 'Available', 7),
(1159, 24, 6, 'A', 1000, 'Available', 7),
(1160, 24, 6, 'B', 1000, 'Available', 7),
(1161, 24, 7, 'A', 1000, 'Available', 7),
(1162, 24, 7, 'B', 1000, 'Available', 7),
(1163, 24, 8, 'A', 1000, 'Available', 7),
(1164, 24, 8, 'B', 1000, 'Available', 7),
(1165, 24, 9, 'A', 1000, 'Available', 7),
(1166, 24, 9, 'B', 1000, 'Available', 7),
(1167, 24, 10, 'A', 1000, 'Available', 7),
(1168, 24, 10, 'B', 1000, 'Available', 7),
(1169, 25, 1, 'A', 1000, 'Available', 7),
(1170, 25, 1, 'B', 1000, 'Available', 7),
(1171, 25, 2, 'A', 1000, 'Available', 7),
(1172, 25, 2, 'B', 1000, 'Available', 7),
(1173, 25, 3, 'A', 1000, 'Available', 7),
(1174, 25, 3, 'B', 1000, 'Available', 7),
(1175, 25, 4, 'A', 1000, 'Available', 7),
(1176, 25, 4, 'B', 1000, 'Available', 7),
(1177, 25, 5, 'A', 1000, 'Available', 7),
(1178, 25, 5, 'B', 1000, 'Available', 7),
(1179, 25, 6, 'A', 1000, 'Available', 7),
(1180, 25, 6, 'B', 1000, 'Available', 7),
(1181, 25, 7, 'A', 1000, 'Available', 7),
(1182, 25, 7, 'B', 1000, 'Available', 7),
(1183, 25, 8, 'A', 1000, 'Available', 7),
(1184, 25, 8, 'B', 1000, 'Available', 7),
(1185, 25, 9, 'A', 1000, 'Available', 7),
(1186, 25, 9, 'B', 1000, 'Available', 7),
(1187, 25, 10, 'A', 1000, 'Available', 7),
(1188, 25, 10, 'B', 1000, 'Available', 7),
(1189, 26, 1, 'A', 1000, 'Available', 7),
(1190, 26, 1, 'B', 1000, 'Available', 7),
(1191, 26, 2, 'A', 1000, 'Available', 7),
(1192, 26, 2, 'B', 1000, 'Available', 7),
(1193, 26, 3, 'A', 1000, 'Available', 7),
(1194, 26, 3, 'B', 1000, 'Available', 7),
(1195, 26, 4, 'A', 1000, 'Available', 7),
(1196, 26, 4, 'B', 1000, 'Available', 7),
(1197, 26, 5, 'A', 1000, 'Available', 7),
(1198, 26, 5, 'B', 1000, 'Available', 7),
(1199, 26, 6, 'A', 1000, 'Available', 7),
(1200, 26, 6, 'B', 1000, 'Available', 7),
(1201, 26, 7, 'A', 1000, 'Available', 7),
(1202, 26, 7, 'B', 1000, 'Available', 7),
(1203, 26, 8, 'A', 1000, 'Available', 7),
(1204, 26, 8, 'B', 1000, 'Available', 7),
(1205, 26, 9, 'A', 1000, 'Available', 7),
(1206, 26, 9, 'B', 1000, 'Available', 7),
(1207, 26, 10, 'A', 1000, 'Available', 7),
(1208, 26, 10, 'B', 1000, 'Available', 7),
(1209, 27, 1, 'A', 1000, 'Available', 7),
(1210, 27, 1, 'B', 1000, 'Available', 7),
(1211, 27, 2, 'A', 1000, 'Available', 7),
(1212, 27, 2, 'B', 1000, 'Available', 7),
(1213, 27, 3, 'A', 1000, 'Available', 7),
(1214, 27, 3, 'B', 1000, 'Available', 7),
(1215, 27, 4, 'A', 1000, 'Available', 7),
(1216, 27, 4, 'B', 1000, 'Available', 7),
(1217, 27, 5, 'A', 1000, 'Available', 7),
(1218, 27, 5, 'B', 1000, 'Available', 7),
(1219, 27, 6, 'A', 1000, 'Available', 7),
(1220, 27, 6, 'B', 1000, 'Available', 7),
(1221, 27, 7, 'A', 1000, 'Available', 7),
(1222, 27, 7, 'B', 1000, 'Available', 7),
(1223, 27, 8, 'A', 1000, 'Available', 7),
(1224, 27, 8, 'B', 1000, 'Available', 7),
(1225, 27, 9, 'A', 1000, 'Available', 7),
(1226, 27, 9, 'B', 1000, 'Available', 7),
(1227, 27, 10, 'A', 1000, 'Available', 7),
(1228, 27, 10, 'B', 1000, 'Available', 7),
(1229, 28, 1, 'A', 1000, 'Available', 7),
(1230, 28, 1, 'B', 1000, 'Available', 7),
(1231, 28, 2, 'A', 1000, 'Available', 7),
(1232, 28, 2, 'B', 1000, 'Available', 7),
(1233, 28, 3, 'A', 1000, 'Available', 7),
(1234, 28, 3, 'B', 1000, 'Available', 7),
(1235, 28, 4, 'A', 1000, 'Available', 7),
(1236, 28, 4, 'B', 1000, 'Available', 7),
(1237, 28, 5, 'A', 1000, 'Available', 7),
(1238, 28, 5, 'B', 1000, 'Available', 7),
(1239, 28, 6, 'A', 1000, 'Available', 7),
(1240, 28, 6, 'B', 1000, 'Available', 7),
(1241, 28, 7, 'A', 1000, 'Available', 7),
(1242, 28, 7, 'B', 1000, 'Available', 7),
(1243, 28, 8, 'A', 1000, 'Available', 7),
(1244, 28, 8, 'B', 1000, 'Available', 7),
(1245, 28, 9, 'A', 1000, 'Available', 7),
(1246, 28, 9, 'B', 1000, 'Available', 7),
(1247, 28, 10, 'A', 1000, 'Available', 7),
(1248, 28, 10, 'B', 1000, 'Available', 7),
(1249, 29, 1, 'A', 1000, 'Available', 7),
(1250, 29, 1, 'B', 1000, 'Available', 7),
(1251, 29, 2, 'A', 1000, 'Available', 7),
(1252, 29, 2, 'B', 1000, 'Available', 7),
(1253, 29, 3, 'A', 1000, 'Available', 7),
(1254, 29, 3, 'B', 1000, 'Available', 7),
(1255, 29, 4, 'A', 1000, 'Available', 7),
(1256, 29, 4, 'B', 1000, 'Available', 7),
(1257, 29, 5, 'A', 1000, 'Available', 7),
(1258, 29, 5, 'B', 1000, 'Available', 7),
(1259, 29, 6, 'A', 1000, 'Available', 7),
(1260, 29, 6, 'B', 1000, 'Available', 7),
(1261, 29, 7, 'A', 1000, 'Available', 7),
(1262, 29, 7, 'B', 1000, 'Available', 7),
(1263, 29, 8, 'A', 1000, 'Available', 7),
(1264, 29, 8, 'B', 1000, 'Available', 7),
(1265, 29, 9, 'A', 1000, 'Available', 7),
(1266, 29, 9, 'B', 1000, 'Available', 7),
(1267, 29, 10, 'A', 1000, 'Available', 7),
(1268, 29, 10, 'B', 1000, 'Available', 7),
(1269, 30, 1, 'A', 1000, 'Available', 7),
(1270, 30, 1, 'B', 1000, 'Available', 7),
(1271, 30, 2, 'A', 1000, 'Available', 7),
(1272, 30, 2, 'B', 1000, 'Available', 7),
(1273, 30, 3, 'A', 1000, 'Available', 7),
(1274, 30, 3, 'B', 1000, 'Available', 7),
(1275, 30, 4, 'A', 1000, 'Available', 7),
(1276, 30, 4, 'B', 1000, 'Available', 7),
(1277, 30, 5, 'A', 1000, 'Available', 7),
(1278, 30, 5, 'B', 1000, 'Available', 7),
(1279, 30, 6, 'A', 1000, 'Available', 7),
(1280, 30, 6, 'B', 1000, 'Available', 7),
(1281, 30, 7, 'A', 1000, 'Available', 7),
(1282, 30, 7, 'B', 1000, 'Available', 7),
(1283, 30, 8, 'A', 1000, 'Available', 7),
(1284, 30, 8, 'B', 1000, 'Available', 7),
(1285, 30, 9, 'A', 1000, 'Available', 7),
(1286, 30, 9, 'B', 1000, 'Available', 7),
(1287, 30, 10, 'A', 1000, 'Available', 7),
(1288, 30, 10, 'B', 1000, 'Available', 7),
(1289, 5, 1, 'A', 800, 'Unavailable', 8),
(1290, 5, 1, 'B', 800, 'Unavailable', 8),
(1291, 5, 2, 'A', 800, 'Available', 8);
INSERT INTO `house` (`houseID`, `floor`, `houseNumber`, `block`, `squareFeet`, `houseStatus`, `condoID`) VALUES
(1292, 5, 2, 'B', 800, 'Available', 8),
(1293, 5, 3, 'A', 800, 'Available', 8),
(1294, 5, 3, 'B', 800, 'Available', 8),
(1295, 5, 4, 'A', 800, 'Available', 8),
(1296, 5, 4, 'B', 800, 'Available', 8),
(1297, 5, 5, 'A', 800, 'Available', 8),
(1298, 5, 5, 'B', 800, 'Available', 8),
(1299, 5, 6, 'A', 800, 'Available', 8),
(1300, 5, 6, 'B', 800, 'Available', 8),
(1301, 5, 7, 'A', 800, 'Available', 8),
(1302, 5, 7, 'B', 800, 'Available', 8),
(1303, 5, 8, 'A', 800, 'Available', 8),
(1304, 5, 8, 'B', 800, 'Available', 8),
(1305, 5, 9, 'A', 800, 'Available', 8),
(1306, 5, 9, 'B', 800, 'Available', 8),
(1307, 5, 10, 'A', 800, 'Available', 8),
(1308, 5, 10, 'B', 800, 'Available', 8),
(1309, 5, 11, 'A', 800, 'Available', 8),
(1310, 5, 11, 'B', 800, 'Available', 8),
(1311, 5, 12, 'A', 800, 'Available', 8),
(1312, 5, 12, 'B', 800, 'Available', 8),
(1313, 6, 1, 'A', 800, 'Available', 8),
(1314, 6, 1, 'B', 800, 'Available', 8),
(1315, 6, 2, 'A', 800, 'Available', 8),
(1316, 6, 2, 'B', 800, 'Available', 8),
(1317, 6, 3, 'A', 800, 'Available', 8),
(1318, 6, 3, 'B', 800, 'Available', 8),
(1319, 6, 4, 'A', 800, 'Available', 8),
(1320, 6, 4, 'B', 800, 'Available', 8),
(1321, 6, 5, 'A', 800, 'Available', 8),
(1322, 6, 5, 'B', 800, 'Available', 8),
(1323, 6, 6, 'A', 800, 'Available', 8),
(1324, 6, 6, 'B', 800, 'Available', 8),
(1325, 6, 7, 'A', 800, 'Available', 8),
(1326, 6, 7, 'B', 800, 'Available', 8),
(1327, 6, 8, 'A', 800, 'Available', 8),
(1328, 6, 8, 'B', 800, 'Available', 8),
(1329, 6, 9, 'A', 800, 'Available', 8),
(1330, 6, 9, 'B', 800, 'Available', 8),
(1331, 6, 10, 'A', 800, 'Available', 8),
(1332, 6, 10, 'B', 800, 'Available', 8),
(1333, 6, 11, 'A', 800, 'Available', 8),
(1334, 6, 11, 'B', 800, 'Available', 8),
(1335, 6, 12, 'A', 800, 'Available', 8),
(1336, 6, 12, 'B', 800, 'Available', 8),
(1337, 7, 1, 'A', 800, 'Available', 8),
(1338, 7, 1, 'B', 800, 'Available', 8),
(1339, 7, 2, 'A', 800, 'Available', 8),
(1340, 7, 2, 'B', 800, 'Available', 8),
(1341, 7, 3, 'A', 800, 'Available', 8),
(1342, 7, 3, 'B', 800, 'Available', 8),
(1343, 7, 4, 'A', 800, 'Available', 8),
(1344, 7, 4, 'B', 800, 'Available', 8),
(1345, 7, 5, 'A', 800, 'Available', 8),
(1346, 7, 5, 'B', 800, 'Available', 8),
(1347, 7, 6, 'A', 800, 'Available', 8),
(1348, 7, 6, 'B', 800, 'Available', 8),
(1349, 7, 7, 'A', 800, 'Available', 8),
(1350, 7, 7, 'B', 800, 'Available', 8),
(1351, 7, 8, 'A', 800, 'Available', 8),
(1352, 7, 8, 'B', 800, 'Available', 8),
(1353, 7, 9, 'A', 800, 'Available', 8),
(1354, 7, 9, 'B', 800, 'Available', 8),
(1355, 7, 10, 'A', 800, 'Available', 8),
(1356, 7, 10, 'B', 800, 'Available', 8),
(1357, 7, 11, 'A', 800, 'Available', 8),
(1358, 7, 11, 'B', 800, 'Available', 8),
(1359, 7, 12, 'A', 800, 'Available', 8),
(1360, 7, 12, 'B', 800, 'Available', 8),
(1361, 8, 1, 'A', 800, 'Available', 8),
(1362, 8, 1, 'B', 800, 'Available', 8),
(1363, 8, 2, 'A', 800, 'Available', 8),
(1364, 8, 2, 'B', 800, 'Available', 8),
(1365, 8, 3, 'A', 800, 'Available', 8),
(1366, 8, 3, 'B', 800, 'Available', 8),
(1367, 8, 4, 'A', 800, 'Available', 8),
(1368, 8, 4, 'B', 800, 'Available', 8),
(1369, 8, 5, 'A', 800, 'Available', 8),
(1370, 8, 5, 'B', 800, 'Available', 8),
(1371, 8, 6, 'A', 800, 'Available', 8),
(1372, 8, 6, 'B', 800, 'Available', 8),
(1373, 8, 7, 'A', 800, 'Available', 8),
(1374, 8, 7, 'B', 800, 'Available', 8),
(1375, 8, 8, 'A', 800, 'Available', 8),
(1376, 8, 8, 'B', 800, 'Available', 8),
(1377, 8, 9, 'A', 800, 'Available', 8),
(1378, 8, 9, 'B', 800, 'Available', 8),
(1379, 8, 10, 'A', 800, 'Available', 8),
(1380, 8, 10, 'B', 800, 'Available', 8),
(1381, 8, 11, 'A', 800, 'Available', 8),
(1382, 8, 11, 'B', 800, 'Available', 8),
(1383, 8, 12, 'A', 800, 'Available', 8),
(1384, 8, 12, 'B', 800, 'Available', 8),
(1385, 9, 1, 'A', 800, 'Available', 8),
(1386, 9, 1, 'B', 800, 'Available', 8),
(1387, 9, 2, 'A', 800, 'Available', 8),
(1388, 9, 2, 'B', 800, 'Available', 8),
(1389, 9, 3, 'A', 800, 'Available', 8),
(1390, 9, 3, 'B', 800, 'Available', 8),
(1391, 9, 4, 'A', 800, 'Available', 8),
(1392, 9, 4, 'B', 800, 'Available', 8),
(1393, 9, 5, 'A', 800, 'Available', 8),
(1394, 9, 5, 'B', 800, 'Available', 8),
(1395, 9, 6, 'A', 800, 'Available', 8),
(1396, 9, 6, 'B', 800, 'Available', 8),
(1397, 9, 7, 'A', 800, 'Available', 8),
(1398, 9, 7, 'B', 800, 'Available', 8),
(1399, 9, 8, 'A', 800, 'Available', 8),
(1400, 9, 8, 'B', 800, 'Available', 8),
(1401, 9, 9, 'A', 800, 'Available', 8),
(1402, 9, 9, 'B', 800, 'Available', 8),
(1403, 9, 10, 'A', 800, 'Available', 8),
(1404, 9, 10, 'B', 800, 'Available', 8),
(1405, 9, 11, 'A', 800, 'Available', 8),
(1406, 9, 11, 'B', 800, 'Available', 8),
(1407, 9, 12, 'A', 800, 'Available', 8),
(1408, 9, 12, 'B', 800, 'Available', 8),
(1409, 10, 1, 'A', 800, 'Available', 8),
(1410, 10, 1, 'B', 800, 'Available', 8),
(1411, 10, 2, 'A', 800, 'Available', 8),
(1412, 10, 2, 'B', 800, 'Available', 8),
(1413, 10, 3, 'A', 800, 'Available', 8),
(1414, 10, 3, 'B', 800, 'Available', 8),
(1415, 10, 4, 'A', 800, 'Available', 8),
(1416, 10, 4, 'B', 800, 'Available', 8),
(1417, 10, 5, 'A', 800, 'Available', 8),
(1418, 10, 5, 'B', 800, 'Available', 8),
(1419, 10, 6, 'A', 800, 'Available', 8),
(1420, 10, 6, 'B', 800, 'Available', 8),
(1421, 10, 7, 'A', 800, 'Available', 8),
(1422, 10, 7, 'B', 800, 'Available', 8),
(1423, 10, 8, 'A', 800, 'Available', 8),
(1424, 10, 8, 'B', 800, 'Available', 8),
(1425, 10, 9, 'A', 800, 'Available', 8),
(1426, 10, 9, 'B', 800, 'Available', 8),
(1427, 10, 10, 'A', 800, 'Available', 8),
(1428, 10, 10, 'B', 800, 'Available', 8),
(1429, 10, 11, 'A', 800, 'Available', 8),
(1430, 10, 11, 'B', 800, 'Available', 8),
(1431, 10, 12, 'A', 800, 'Available', 8),
(1432, 10, 12, 'B', 800, 'Available', 8),
(1433, 11, 1, 'A', 1000, 'Available', 8),
(1434, 11, 1, 'B', 1000, 'Available', 8),
(1435, 11, 2, 'A', 1000, 'Available', 8),
(1436, 11, 2, 'B', 1000, 'Available', 8),
(1437, 11, 3, 'A', 1000, 'Available', 8),
(1438, 11, 3, 'B', 1000, 'Available', 8),
(1439, 11, 4, 'A', 1000, 'Available', 8),
(1440, 11, 4, 'B', 1000, 'Available', 8),
(1441, 11, 5, 'A', 1000, 'Available', 8),
(1442, 11, 5, 'B', 1000, 'Available', 8),
(1443, 11, 6, 'A', 1000, 'Available', 8),
(1444, 11, 6, 'B', 1000, 'Available', 8),
(1445, 11, 7, 'A', 1000, 'Available', 8),
(1446, 11, 7, 'B', 1000, 'Available', 8),
(1447, 11, 8, 'A', 1000, 'Available', 8),
(1448, 11, 8, 'B', 1000, 'Available', 8),
(1449, 11, 9, 'A', 1000, 'Available', 8),
(1450, 11, 9, 'B', 1000, 'Available', 8),
(1451, 11, 10, 'A', 1000, 'Available', 8),
(1452, 11, 10, 'B', 1000, 'Available', 8),
(1453, 11, 11, 'A', 1000, 'Available', 8),
(1454, 11, 11, 'B', 1000, 'Available', 8),
(1455, 11, 12, 'A', 1000, 'Available', 8),
(1456, 11, 12, 'B', 1000, 'Available', 8),
(1457, 12, 1, 'A', 1000, 'Available', 8),
(1458, 12, 1, 'B', 1000, 'Available', 8),
(1459, 12, 2, 'A', 1000, 'Available', 8),
(1460, 12, 2, 'B', 1000, 'Available', 8),
(1461, 12, 3, 'A', 1000, 'Available', 8),
(1462, 12, 3, 'B', 1000, 'Available', 8),
(1463, 12, 4, 'A', 1000, 'Available', 8),
(1464, 12, 4, 'B', 1000, 'Available', 8),
(1465, 12, 5, 'A', 1000, 'Available', 8),
(1466, 12, 5, 'B', 1000, 'Available', 8),
(1467, 12, 6, 'A', 1000, 'Available', 8),
(1468, 12, 6, 'B', 1000, 'Available', 8),
(1469, 12, 7, 'A', 1000, 'Available', 8),
(1470, 12, 7, 'B', 1000, 'Available', 8),
(1471, 12, 8, 'A', 1000, 'Available', 8),
(1472, 12, 8, 'B', 1000, 'Available', 8),
(1473, 12, 9, 'A', 1000, 'Available', 8),
(1474, 12, 9, 'B', 1000, 'Available', 8),
(1475, 12, 10, 'A', 1000, 'Available', 8),
(1476, 12, 10, 'B', 1000, 'Available', 8),
(1477, 12, 11, 'A', 1000, 'Available', 8),
(1478, 12, 11, 'B', 1000, 'Available', 8),
(1479, 12, 12, 'A', 1000, 'Available', 8),
(1480, 12, 12, 'B', 1000, 'Available', 8),
(1481, 13, 1, 'A', 1000, 'Available', 8),
(1482, 13, 1, 'B', 1000, 'Available', 8),
(1483, 13, 2, 'A', 1000, 'Available', 8),
(1484, 13, 2, 'B', 1000, 'Available', 8),
(1485, 13, 3, 'A', 1000, 'Available', 8),
(1486, 13, 3, 'B', 1000, 'Available', 8),
(1487, 13, 4, 'A', 1000, 'Available', 8),
(1488, 13, 4, 'B', 1000, 'Available', 8),
(1489, 13, 5, 'A', 1000, 'Available', 8),
(1490, 13, 5, 'B', 1000, 'Available', 8),
(1491, 13, 6, 'A', 1000, 'Available', 8),
(1492, 13, 6, 'B', 1000, 'Available', 8),
(1493, 13, 7, 'A', 1000, 'Available', 8),
(1494, 13, 7, 'B', 1000, 'Available', 8),
(1495, 13, 8, 'A', 1000, 'Available', 8),
(1496, 13, 8, 'B', 1000, 'Available', 8),
(1497, 13, 9, 'A', 1000, 'Available', 8),
(1498, 13, 9, 'B', 1000, 'Available', 8),
(1499, 13, 10, 'A', 1000, 'Available', 8),
(1500, 13, 10, 'B', 1000, 'Available', 8),
(1501, 13, 11, 'A', 1000, 'Available', 8),
(1502, 13, 11, 'B', 1000, 'Available', 8),
(1503, 13, 12, 'A', 1000, 'Available', 8),
(1504, 13, 12, 'B', 1000, 'Available', 8),
(1505, 14, 1, 'A', 1000, 'Available', 8),
(1506, 14, 1, 'B', 1000, 'Available', 8),
(1507, 14, 2, 'A', 1000, 'Available', 8),
(1508, 14, 2, 'B', 1000, 'Available', 8),
(1509, 14, 3, 'A', 1000, 'Available', 8),
(1510, 14, 3, 'B', 1000, 'Available', 8),
(1511, 14, 4, 'A', 1000, 'Available', 8),
(1512, 14, 4, 'B', 1000, 'Available', 8),
(1513, 14, 5, 'A', 1000, 'Available', 8),
(1514, 14, 5, 'B', 1000, 'Available', 8),
(1515, 14, 6, 'A', 1000, 'Available', 8),
(1516, 14, 6, 'B', 1000, 'Available', 8),
(1517, 14, 7, 'A', 1000, 'Available', 8),
(1518, 14, 7, 'B', 1000, 'Available', 8),
(1519, 14, 8, 'A', 1000, 'Available', 8),
(1520, 14, 8, 'B', 1000, 'Available', 8),
(1521, 14, 9, 'A', 1000, 'Available', 8),
(1522, 14, 9, 'B', 1000, 'Available', 8),
(1523, 14, 10, 'A', 1000, 'Available', 8),
(1524, 14, 10, 'B', 1000, 'Available', 8),
(1525, 14, 11, 'A', 1000, 'Available', 8),
(1526, 14, 11, 'B', 1000, 'Available', 8),
(1527, 14, 12, 'A', 1000, 'Available', 8),
(1528, 14, 12, 'B', 1000, 'Available', 8),
(1529, 15, 1, 'A', 1000, 'Available', 8),
(1530, 15, 1, 'B', 1000, 'Available', 8),
(1531, 15, 2, 'A', 1000, 'Available', 8),
(1532, 15, 2, 'B', 1000, 'Available', 8),
(1533, 15, 3, 'A', 1000, 'Available', 8),
(1534, 15, 3, 'B', 1000, 'Available', 8),
(1535, 15, 4, 'A', 1000, 'Available', 8),
(1536, 15, 4, 'B', 1000, 'Available', 8),
(1537, 15, 5, 'A', 1000, 'Available', 8),
(1538, 15, 5, 'B', 1000, 'Available', 8),
(1539, 15, 6, 'A', 1000, 'Available', 8),
(1540, 15, 6, 'B', 1000, 'Available', 8),
(1541, 15, 7, 'A', 1000, 'Available', 8),
(1542, 15, 7, 'B', 1000, 'Available', 8),
(1543, 15, 8, 'A', 1000, 'Available', 8),
(1544, 15, 8, 'B', 1000, 'Available', 8),
(1545, 15, 9, 'A', 1000, 'Available', 8),
(1546, 15, 9, 'B', 1000, 'Available', 8),
(1547, 15, 10, 'A', 1000, 'Available', 8),
(1548, 15, 10, 'B', 1000, 'Available', 8),
(1549, 15, 11, 'A', 1000, 'Available', 8),
(1550, 15, 11, 'B', 1000, 'Available', 8),
(1551, 15, 12, 'A', 1000, 'Available', 8),
(1552, 15, 12, 'B', 1000, 'Available', 8),
(1553, 16, 1, 'A', 1000, 'Available', 8),
(1554, 16, 1, 'B', 1000, 'Available', 8),
(1555, 16, 2, 'A', 1000, 'Available', 8),
(1556, 16, 2, 'B', 1000, 'Available', 8),
(1557, 16, 3, 'A', 1000, 'Available', 8),
(1558, 16, 3, 'B', 1000, 'Available', 8),
(1559, 16, 4, 'A', 1000, 'Available', 8),
(1560, 16, 4, 'B', 1000, 'Available', 8),
(1561, 16, 5, 'A', 1000, 'Available', 8),
(1562, 16, 5, 'B', 1000, 'Available', 8),
(1563, 16, 6, 'A', 1000, 'Available', 8),
(1564, 16, 6, 'B', 1000, 'Available', 8),
(1565, 16, 7, 'A', 1000, 'Available', 8),
(1566, 16, 7, 'B', 1000, 'Available', 8),
(1567, 16, 8, 'A', 1000, 'Available', 8),
(1568, 16, 8, 'B', 1000, 'Available', 8),
(1569, 16, 9, 'A', 1000, 'Available', 8),
(1570, 16, 9, 'B', 1000, 'Available', 8),
(1571, 16, 10, 'A', 1000, 'Available', 8),
(1572, 16, 10, 'B', 1000, 'Available', 8),
(1573, 16, 11, 'A', 1000, 'Available', 8),
(1574, 16, 11, 'B', 1000, 'Available', 8),
(1575, 16, 12, 'A', 1000, 'Available', 8),
(1576, 16, 12, 'B', 1000, 'Available', 8),
(1577, 17, 1, 'A', 1000, 'Available', 8),
(1578, 17, 1, 'B', 1000, 'Available', 8),
(1579, 17, 2, 'A', 1000, 'Available', 8),
(1580, 17, 2, 'B', 1000, 'Available', 8),
(1581, 17, 3, 'A', 1000, 'Available', 8),
(1582, 17, 3, 'B', 1000, 'Available', 8),
(1583, 17, 4, 'A', 1000, 'Available', 8),
(1584, 17, 4, 'B', 1000, 'Available', 8),
(1585, 17, 5, 'A', 1000, 'Available', 8),
(1586, 17, 5, 'B', 1000, 'Available', 8),
(1587, 17, 6, 'A', 1000, 'Available', 8),
(1588, 17, 6, 'B', 1000, 'Available', 8),
(1589, 17, 7, 'A', 1000, 'Available', 8),
(1590, 17, 7, 'B', 1000, 'Available', 8),
(1591, 17, 8, 'A', 1000, 'Available', 8),
(1592, 17, 8, 'B', 1000, 'Available', 8),
(1593, 17, 9, 'A', 1000, 'Available', 8),
(1594, 17, 9, 'B', 1000, 'Available', 8),
(1595, 17, 10, 'A', 1000, 'Available', 8),
(1596, 17, 10, 'B', 1000, 'Available', 8),
(1597, 17, 11, 'A', 1000, 'Available', 8),
(1598, 17, 11, 'B', 1000, 'Available', 8),
(1599, 17, 12, 'A', 1000, 'Available', 8),
(1600, 17, 12, 'B', 1000, 'Available', 8),
(1601, 18, 1, 'A', 1000, 'Available', 8),
(1602, 18, 1, 'B', 1000, 'Available', 8),
(1603, 18, 2, 'A', 1000, 'Available', 8),
(1604, 18, 2, 'B', 1000, 'Available', 8),
(1605, 18, 3, 'A', 1000, 'Available', 8),
(1606, 18, 3, 'B', 1000, 'Available', 8),
(1607, 18, 4, 'A', 1000, 'Available', 8),
(1608, 18, 4, 'B', 1000, 'Available', 8),
(1609, 18, 5, 'A', 1000, 'Available', 8),
(1610, 18, 5, 'B', 1000, 'Available', 8),
(1611, 18, 6, 'A', 1000, 'Available', 8),
(1612, 18, 6, 'B', 1000, 'Available', 8),
(1613, 18, 7, 'A', 1000, 'Available', 8),
(1614, 18, 7, 'B', 1000, 'Available', 8),
(1615, 18, 8, 'A', 1000, 'Available', 8),
(1616, 18, 8, 'B', 1000, 'Available', 8),
(1617, 18, 9, 'A', 1000, 'Available', 8),
(1618, 18, 9, 'B', 1000, 'Available', 8),
(1619, 18, 10, 'A', 1000, 'Available', 8),
(1620, 18, 10, 'B', 1000, 'Available', 8),
(1621, 18, 11, 'A', 1000, 'Available', 8),
(1622, 18, 11, 'B', 1000, 'Available', 8),
(1623, 18, 12, 'A', 1000, 'Available', 8),
(1624, 18, 12, 'B', 1000, 'Available', 8),
(1625, 19, 1, 'A', 1000, 'Available', 8),
(1626, 19, 1, 'B', 1000, 'Available', 8),
(1627, 19, 2, 'A', 1000, 'Available', 8),
(1628, 19, 2, 'B', 1000, 'Available', 8),
(1629, 19, 3, 'A', 1000, 'Available', 8),
(1630, 19, 3, 'B', 1000, 'Available', 8),
(1631, 19, 4, 'A', 1000, 'Available', 8),
(1632, 19, 4, 'B', 1000, 'Available', 8),
(1633, 19, 5, 'A', 1000, 'Available', 8),
(1634, 19, 5, 'B', 1000, 'Available', 8),
(1635, 19, 6, 'A', 1000, 'Available', 8),
(1636, 19, 6, 'B', 1000, 'Available', 8),
(1637, 19, 7, 'A', 1000, 'Available', 8),
(1638, 19, 7, 'B', 1000, 'Available', 8),
(1639, 19, 8, 'A', 1000, 'Available', 8),
(1640, 19, 8, 'B', 1000, 'Available', 8),
(1641, 19, 9, 'A', 1000, 'Available', 8),
(1642, 19, 9, 'B', 1000, 'Available', 8),
(1643, 19, 10, 'A', 1000, 'Available', 8),
(1644, 19, 10, 'B', 1000, 'Available', 8),
(1645, 19, 11, 'A', 1000, 'Available', 8),
(1646, 19, 11, 'B', 1000, 'Available', 8),
(1647, 19, 12, 'A', 1000, 'Available', 8),
(1648, 19, 12, 'B', 1000, 'Available', 8),
(1649, 20, 1, 'A', 1000, 'Available', 8),
(1650, 20, 1, 'B', 1000, 'Available', 8),
(1651, 20, 2, 'A', 1000, 'Available', 8),
(1652, 20, 2, 'B', 1000, 'Available', 8),
(1653, 20, 3, 'A', 1000, 'Available', 8),
(1654, 20, 3, 'B', 1000, 'Available', 8),
(1655, 20, 4, 'A', 1000, 'Available', 8),
(1656, 20, 4, 'B', 1000, 'Available', 8),
(1657, 20, 5, 'A', 1000, 'Available', 8),
(1658, 20, 5, 'B', 1000, 'Available', 8),
(1659, 20, 6, 'A', 1000, 'Available', 8),
(1660, 20, 6, 'B', 1000, 'Available', 8),
(1661, 20, 7, 'A', 1000, 'Available', 8),
(1662, 20, 7, 'B', 1000, 'Available', 8),
(1663, 20, 8, 'A', 1000, 'Available', 8),
(1664, 20, 8, 'B', 1000, 'Available', 8),
(1665, 20, 9, 'A', 1000, 'Available', 8),
(1666, 20, 9, 'B', 1000, 'Available', 8),
(1667, 20, 10, 'A', 1000, 'Available', 8),
(1668, 20, 10, 'B', 1000, 'Available', 8),
(1669, 20, 11, 'A', 1000, 'Available', 8),
(1670, 20, 11, 'B', 1000, 'Available', 8),
(1671, 20, 12, 'A', 1000, 'Available', 8),
(1672, 20, 12, 'B', 1000, 'Available', 8),
(1673, 21, 1, 'A', 1000, 'Available', 8),
(1674, 21, 1, 'B', 1000, 'Available', 8),
(1675, 21, 2, 'A', 1000, 'Available', 8),
(1676, 21, 2, 'B', 1000, 'Available', 8),
(1677, 21, 3, 'A', 1000, 'Available', 8),
(1678, 21, 3, 'B', 1000, 'Available', 8),
(1679, 21, 4, 'A', 1000, 'Available', 8),
(1680, 21, 4, 'B', 1000, 'Available', 8),
(1681, 21, 5, 'A', 1000, 'Available', 8),
(1682, 21, 5, 'B', 1000, 'Available', 8),
(1683, 21, 6, 'A', 1000, 'Available', 8),
(1684, 21, 6, 'B', 1000, 'Available', 8),
(1685, 21, 7, 'A', 1000, 'Available', 8),
(1686, 21, 7, 'B', 1000, 'Available', 8),
(1687, 21, 8, 'A', 1000, 'Available', 8),
(1688, 21, 8, 'B', 1000, 'Available', 8),
(1689, 21, 9, 'A', 1000, 'Available', 8),
(1690, 21, 9, 'B', 1000, 'Available', 8),
(1691, 21, 10, 'A', 1000, 'Available', 8),
(1692, 21, 10, 'B', 1000, 'Available', 8),
(1693, 21, 11, 'A', 1000, 'Available', 8),
(1694, 21, 11, 'B', 1000, 'Available', 8),
(1695, 21, 12, 'A', 1000, 'Available', 8),
(1696, 21, 12, 'B', 1000, 'Available', 8),
(1697, 22, 1, 'A', 1000, 'Available', 8),
(1698, 22, 1, 'B', 1000, 'Available', 8),
(1699, 22, 2, 'A', 1000, 'Available', 8),
(1700, 22, 2, 'B', 1000, 'Available', 8),
(1701, 22, 3, 'A', 1000, 'Available', 8),
(1702, 22, 3, 'B', 1000, 'Available', 8),
(1703, 22, 4, 'A', 1000, 'Available', 8),
(1704, 22, 4, 'B', 1000, 'Available', 8),
(1705, 22, 5, 'A', 1000, 'Available', 8),
(1706, 22, 5, 'B', 1000, 'Available', 8),
(1707, 22, 6, 'A', 1000, 'Available', 8),
(1708, 22, 6, 'B', 1000, 'Available', 8),
(1709, 22, 7, 'A', 1000, 'Available', 8),
(1710, 22, 7, 'B', 1000, 'Available', 8),
(1711, 22, 8, 'A', 1000, 'Available', 8),
(1712, 22, 8, 'B', 1000, 'Available', 8),
(1713, 22, 9, 'A', 1000, 'Available', 8),
(1714, 22, 9, 'B', 1000, 'Available', 8),
(1715, 22, 10, 'A', 1000, 'Available', 8),
(1716, 22, 10, 'B', 1000, 'Available', 8),
(1717, 22, 11, 'A', 1000, 'Available', 8),
(1718, 22, 11, 'B', 1000, 'Available', 8),
(1719, 22, 12, 'A', 1000, 'Available', 8),
(1720, 22, 12, 'B', 1000, 'Available', 8),
(1721, 23, 1, 'A', 1000, 'Available', 8),
(1722, 23, 1, 'B', 1000, 'Available', 8),
(1723, 23, 2, 'A', 1000, 'Available', 8),
(1724, 23, 2, 'B', 1000, 'Available', 8),
(1725, 23, 3, 'A', 1000, 'Available', 8),
(1726, 23, 3, 'B', 1000, 'Available', 8),
(1727, 23, 4, 'A', 1000, 'Available', 8),
(1728, 23, 4, 'B', 1000, 'Available', 8),
(1729, 23, 5, 'A', 1000, 'Available', 8),
(1730, 23, 5, 'B', 1000, 'Available', 8),
(1731, 23, 6, 'A', 1000, 'Available', 8),
(1732, 23, 6, 'B', 1000, 'Available', 8),
(1733, 23, 7, 'A', 1000, 'Available', 8),
(1734, 23, 7, 'B', 1000, 'Available', 8),
(1735, 23, 8, 'A', 1000, 'Available', 8),
(1736, 23, 8, 'B', 1000, 'Available', 8),
(1737, 23, 9, 'A', 1000, 'Available', 8),
(1738, 23, 9, 'B', 1000, 'Available', 8),
(1739, 23, 10, 'A', 1000, 'Available', 8),
(1740, 23, 10, 'B', 1000, 'Available', 8),
(1741, 23, 11, 'A', 1000, 'Available', 8),
(1742, 23, 11, 'B', 1000, 'Available', 8),
(1743, 23, 12, 'A', 1000, 'Available', 8),
(1744, 23, 12, 'B', 1000, 'Available', 8),
(1745, 24, 1, 'A', 1000, 'Available', 8),
(1746, 24, 1, 'B', 1000, 'Available', 8),
(1747, 24, 2, 'A', 1000, 'Available', 8),
(1748, 24, 2, 'B', 1000, 'Available', 8),
(1749, 24, 3, 'A', 1000, 'Available', 8),
(1750, 24, 3, 'B', 1000, 'Available', 8),
(1751, 24, 4, 'A', 1000, 'Available', 8),
(1752, 24, 4, 'B', 1000, 'Available', 8),
(1753, 24, 5, 'A', 1000, 'Available', 8),
(1754, 24, 5, 'B', 1000, 'Available', 8),
(1755, 24, 6, 'A', 1000, 'Available', 8),
(1756, 24, 6, 'B', 1000, 'Available', 8),
(1757, 24, 7, 'A', 1000, 'Available', 8),
(1758, 24, 7, 'B', 1000, 'Available', 8),
(1759, 24, 8, 'A', 1000, 'Available', 8),
(1760, 24, 8, 'B', 1000, 'Available', 8),
(1761, 24, 9, 'A', 1000, 'Available', 8),
(1762, 24, 9, 'B', 1000, 'Available', 8),
(1763, 24, 10, 'A', 1000, 'Available', 8),
(1764, 24, 10, 'B', 1000, 'Available', 8),
(1765, 24, 11, 'A', 1000, 'Available', 8),
(1766, 24, 11, 'B', 1000, 'Available', 8),
(1767, 24, 12, 'A', 1000, 'Available', 8),
(1768, 24, 12, 'B', 1000, 'Available', 8),
(1769, 25, 1, 'A', 1000, 'Available', 8),
(1770, 25, 1, 'B', 1000, 'Available', 8),
(1771, 25, 2, 'A', 1000, 'Available', 8),
(1772, 25, 2, 'B', 1000, 'Available', 8),
(1773, 25, 3, 'A', 1000, 'Available', 8),
(1774, 25, 3, 'B', 1000, 'Available', 8),
(1775, 25, 4, 'A', 1000, 'Available', 8),
(1776, 25, 4, 'B', 1000, 'Available', 8),
(1777, 25, 5, 'A', 1000, 'Available', 8),
(1778, 25, 5, 'B', 1000, 'Available', 8),
(1779, 25, 6, 'A', 1000, 'Available', 8),
(1780, 25, 6, 'B', 1000, 'Available', 8),
(1781, 25, 7, 'A', 1000, 'Available', 8),
(1782, 25, 7, 'B', 1000, 'Available', 8),
(1783, 25, 8, 'A', 1000, 'Available', 8),
(1784, 25, 8, 'B', 1000, 'Available', 8),
(1785, 25, 9, 'A', 1000, 'Available', 8),
(1786, 25, 9, 'B', 1000, 'Available', 8),
(1787, 25, 10, 'A', 1000, 'Available', 8),
(1788, 25, 10, 'B', 1000, 'Available', 8),
(1789, 25, 11, 'A', 1000, 'Available', 8),
(1790, 25, 11, 'B', 1000, 'Available', 8),
(1791, 25, 12, 'A', 1000, 'Available', 8),
(1792, 25, 12, 'B', 1000, 'Available', 8);

-- --------------------------------------------------------

--
-- Table structure for table `maintenance`
--

CREATE TABLE `maintenance` (
  `maintenanceID` int(10) NOT NULL,
  `ownerID` int(10) NOT NULL,
  `maintenanceDate` varchar(50) NOT NULL,
  `maintenanceTime` varchar(12) NOT NULL,
  `maintenanceType` varchar(50) NOT NULL,
  `maintenanceMSG` varchar(100) NOT NULL,
  `maintenanceComment` varchar(100) NOT NULL,
  `maintenanceStatus` varchar(20) NOT NULL,
  `reason` varchar(50) NOT NULL
) ENGINE=InnoDB DEFAULT CHARSET=utf8mb4 COLLATE=utf8mb4_general_ci;

--
-- Dumping data for table `maintenance`
--

INSERT INTO `maintenance` (`maintenanceID`, `ownerID`, `maintenanceDate`, `maintenanceTime`, `maintenanceType`, `maintenanceMSG`, `maintenanceComment`, `maintenanceStatus`, `reason`) VALUES
(1, 1, '2023-12-16', '3:53PM', 'Water Leakage Problem', 'It has problem', 'The repair item still no stock', 'Approved', ''),
(2, 1, '2023-12-16', '3:53PM', 'Light Bulb Problem', 'The light suddenly cannot work', '', 'Canceled', 'No Problem'),
(3, 5, '2023-12-16', '4:00PM', 'Light Bulb Problem', 'There is a problem with my outdoor lights', '', 'Cancelled', 'Its work'),
(4, 9, '2023-12-21', '11:34PM', 'Water Leakage Problem', 'No Water', '', 'Cancelled', 'wrong press'),
(5, 9, '2023-12-21', '11:35PM', 'Water Leakage Problem', 'No Water', 'No Comment', 'Approved', ''),
(6, 10, '2023-12-22', '9:19PM', 'Light Bulb Problem', 'New Problem', '', 'Canceled', 'No Problem dy'),
(7, 10, '2023-12-22', '9:20PM', 'Water Leakage Problem', 'Problem', '', 'Pending', '');

-- --------------------------------------------------------

--
-- Table structure for table `owner`
--

CREATE TABLE `owner` (
  `ownerID` int(10) NOT NULL,
  `houseID` int(10) NOT NULL,
  `condoID` int(10) NOT NULL,
  `ownerFName` varchar(50) NOT NULL,
  `ownerLName` varchar(30) NOT NULL,
  `ownerIC` varchar(12) NOT NULL,
  `ownerPassword` varchar(50) NOT NULL,
  `ownerAge` int(3) NOT NULL,
  `ownerPhone` varchar(12) NOT NULL,
  `ownerEmail` varchar(50) NOT NULL,
  `ownerBirth` varchar(20) NOT NULL,
  `ownerGender` varchar(10) NOT NULL,
  `code` int(6) NOT NULL,
  `accountStatus` varchar(20) NOT NULL,
  `ownerStatus` varchar(20) NOT NULL
) ENGINE=InnoDB DEFAULT CHARSET=utf8mb4 COLLATE=utf8mb4_general_ci;

--
-- Dumping data for table `owner`
--

INSERT INTO `owner` (`ownerID`, `houseID`, `condoID`, `ownerFName`, `ownerLName`, `ownerIC`, `ownerPassword`, `ownerAge`, `ownerPhone`, `ownerEmail`, `ownerBirth`, `ownerGender`, `code`, `accountStatus`, `ownerStatus`) VALUES
(1, 12, 1, 'Wei', 'Mei Mei', '950910298101', '2077e6ea547bc30eebe87727b9a3250b', 30, '0128493892', 'Weimm@gmail.com', '1995-09-25', 'Female', 0, 'Verified', 'Successful'),
(2, 4, 1, 'How', 'Long Hong', '990223891012', '2077e6ea547bc30eebe87727b9a3250b', 23, '0123893893', 'Howlh@gmail.com', '1999-02-23', 'Male', 0, 'Deleted', 'Successful'),
(3, 129, 2, 'Xiao', 'Mei Yan', '739029389029', '2077e6ea547bc30eebe87727b9a3250b', 40, '0187483783', 'Meiyan@gmail.com', '1973-09-25', 'Female', 0, 'Verified', 'Successful'),
(4, 130, 2, 'Kong', 'Sha Men', '897382983912', '2077e6ea547bc30eebe87727b9a3250b', 32, '0138494899', 'Shamen@gmail.com', '1989-09-25', 'Female', 0, 'Verified', 'Successful'),
(5, 385, 3, 'Yan', 'Kong Wei', '920849287382', '2077e6ea547bc30eebe87727b9a3250b', 35, '0129378493', 'kongwei@gmail.com', '1992-09-25', 'Male', 0, 'Verified', 'Successful'),
(6, 686, 4, 'Ken', 'Lon Yan', '908398292922', '2077e6ea547bc30eebe87727b9a3250b', 30, '0192983883', 'lonyan@gmail.com', '1990-09-25', 'Female', 0, 'Verified', 'Successful'),
(7, 2, 1, 'Hen', 'San Dong', '028398298332', '2077e6ea547bc30eebe87727b9a3250b', 21, '0129839283', 'san@gmail.com', '2023-12-21', 'Male', 0, 'Verified', 'Successful'),
(8, 132, 2, 'Heng', 'Men Wan', '012893893231', '2077e6ea547bc30eebe87727b9a3250b', 30, '0129389212', 'menwan@gmail.com', '2023-12-20', 'Male', 0, 'Verified', 'Successful'),
(9, 1000, 7, 'Chin', 'Owel', '010101101010', 'd288dbd00c8f7cd195d3fb7ff2f3e89e', 24, '0122233445', 'chinyongcheng@gmail.com', '2002-01-01', 'Male', 0, 'Verified', 'Successful'),
(10, 1289, 8, 'Low', 'Low Jin', '020202102020', '7a2d48597152d397e5ccfd8c1241fd70', 22, '0122233444', 'lowhq-wm20@student.tarc.edu.my', '2001-01-01', 'Male', 0, 'Verified', 'Successful'),
(11, 1290, 8, 'Ting', 'Mei Yun', '010101010101', '2077e6ea547bc30eebe87727b9a3250b', 20, '0122233445', 'qinglow0@gmail.com', '2001-01-01', 'Male', 0, 'Verified', 'Successful');

-- --------------------------------------------------------

--
-- Table structure for table `payment`
--

CREATE TABLE `payment` (
  `paymentID` int(10) NOT NULL,
  `houseID` int(10) NOT NULL,
  `ownerID` int(5) NOT NULL,
  `tenantID` int(5) NOT NULL,
  `billType` varchar(50) NOT NULL,
  `issueDate` varchar(20) NOT NULL,
  `dueDate` varchar(20) NOT NULL,
  `amount` double(5,2) NOT NULL,
  `paymentStatus` varchar(20) NOT NULL
) ENGINE=InnoDB DEFAULT CHARSET=utf8mb4 COLLATE=utf8mb4_general_ci;

--
-- Dumping data for table `payment`
--

INSERT INTO `payment` (`paymentID`, `houseID`, `ownerID`, `tenantID`, `billType`, `issueDate`, `dueDate`, `amount`, `paymentStatus`) VALUES
(1, 1, 1, 0, 'Monthly Maintenance Fees', '2023-12-21', '2023-12-26', 240.00, 'Overdue'),
(2, 1, 1, 0, 'Damage Repair Fees', '2023-12-21', '2023-12-26', 30.00, 'Overdue'),
(3, 129, 3, 0, 'Monthly Maintenance Fees', '2023-12-21', '2023-12-27', 240.00, 'Overdue'),
(4, 129, 3, 0, 'Monthly Maintenance Fees', '2023-12-21', '2023-12-27', 240.00, 'Overdue'),
(5, 385, 5, 0, 'Monthly Maintenance Fees', '2023-12-21', '2023-12-28', 240.00, 'Overdue'),
(6, 385, 5, 0, 'Damage Repair Fees', '2023-12-21', '2023-12-28', 50.00, 'Overdue'),
(7, 132, 8, 0, 'Monthly Maintenance Fees', '2023-12-21', '2023-12-28', 240.00, 'Paid'),
(8, 132, 8, 0, 'Damage Repair Fees', '2023-12-21', '2023-12-27', 50.00, 'Overdue'),
(9, 385, 0, 6, 'Damage Repair Fees', '2023-12-21', '2023-12-28', 50.00, 'Overdue'),
(10, 385, 0, 6, 'Monthly Maintenance Fees', '2023-12-21', '2023-12-28', 240.00, 'Overdue'),
(11, 132, 0, 1, 'Monthly Maintenance Fees', '2023-12-21', '2023-12-27', 240.00, 'Overdue'),
(12, 1, 0, 3, 'Damage Repair Fees', '2023-12-21', '2023-12-26', 30.00, 'Paid'),
(13, 132, 0, 2, 'Monthly Maintenance Fees', '2023-12-21', '2023-12-27', 240.00, 'Overdue'),
(14, 1, 0, 4, 'Damage Repair Fees', '2023-12-21', '2023-12-26', 30.00, 'Overdue'),
(15, 1, 0, 3, 'Damage Repair Fees', '2023-12-21', '2023-12-26', 30.00, 'Overdue'),
(16, 641, 9, 0, 'Monthly Maintenance Fees', '2023-12-21', '2023-12-31', 240.00, 'Pending'),
(17, 641, 9, 0, 'Reservation Fee (BBQ)', '2023-12-21', '2023-12-23', 50.00, 'Paid'),
(18, 641, 0, 8, 'Reservation Fee (BBQ)', '2023-12-21', '2023-12-23', 50.00, 'Paid'),
(19, 641, 0, 8, 'Reservation Fee (Hall)', '2023-12-21', '2023-12-23', 150.00, 'Canceled'),
(20, 641, 9, 0, 'Reservation Fee (BBQ)', '2023-12-21', '2023-12-23', 50.00, 'Canceled'),
(21, 641, 9, 0, 'Reservation Fee (BBQ)', '2023-12-21', '2023-12-23', 50.00, 'Canceled'),
(22, 1000, 9, 0, 'Reservation Fee (Hall)', '2023-12-22', '2023-12-23', 150.00, 'Canceled'),
(23, 1000, 9, 0, 'Reservation Fee (Hall)', '2023-12-22', '2023-12-23', 150.00, 'Paid'),
(24, 1289, 10, 0, 'Reservation Fee (BBQ)', '2023-12-22', '2023-12-24', 50.00, 'Canceled'),
(25, 1289, 10, 0, 'Reservation Fee (BBQ)', '2023-12-22', '2023-12-24', 50.00, 'Paid'),
(26, 1289, 10, 0, 'Reservation Fee (BBQ)', '2023-12-22', '2023-12-24', 50.00, 'Canceled'),
(27, 1289, 10, 0, 'Monthly Maintenance Fees', '2023-12-22', '2023-12-31', 240.00, 'Paid'),
(28, 1290, 11, 0, 'Monthly Maintenance Fees', '2023-12-22', '2023-12-31', 240.00, 'Pending'),
(29, 12, 1, 0, 'Reservation Fee (BBQ)', '2023-12-27', '2023-12-27', 50.00, 'Canceled'),
(30, 12, 1, 0, 'Reservation Fee (BBQ)', '2023-12-29', '2023-12-31', 50.00, 'Canceled'),
(31, 12, 1, 0, 'Reservation Fee (Hall)', '2023-12-30', '2023-12-31', 150.00, 'Paid');

-- --------------------------------------------------------

--
-- Table structure for table `receipt`
--

CREATE TABLE `receipt` (
  `receiptID` int(10) NOT NULL,
  `paymentID` int(10) NOT NULL,
  `ownerID` int(10) NOT NULL,
  `tenantID` int(10) NOT NULL,
  `paymentMethod` varchar(50) NOT NULL,
  `bankType` varchar(12) NOT NULL,
  `paymentDate` varchar(20) NOT NULL,
  `paymentTime` varchar(20) NOT NULL,
  `receiptStatus` varchar(20) NOT NULL
) ENGINE=InnoDB DEFAULT CHARSET=utf8mb4 COLLATE=utf8mb4_general_ci;

--
-- Dumping data for table `receipt`
--

INSERT INTO `receipt` (`receiptID`, `paymentID`, `ownerID`, `tenantID`, `paymentMethod`, `bankType`, `paymentDate`, `paymentTime`, `receiptStatus`) VALUES
(1, 12, 0, 3, 'PayPal', '', '2023-12-21', '3:27PM', 'Paid'),
(2, 7, 8, 0, 'Bank', 'HongLeong Ba', '2023-12-21', '4:06PM', 'Paid'),
(3, 18, 0, 8, 'PayPal', '', '2023-12-21', '11:10PM', 'Paid'),
(4, 17, 9, 0, 'Cash', '', '2023-12-21', '11:52PM', 'Paid'),
(5, 23, 9, 0, 'Bank', 'HongLeong Ba', '2023-12-22', '1:36PM', 'Paid'),
(6, 25, 10, 0, 'PayPal', '', '2023-12-22', '9:13PM', 'Paid'),
(7, 27, 10, 0, 'Cash', '', '2023-12-22', '9:50PM', 'Paid'),
(8, 31, 1, 0, 'Bank', 'HongLeong Ba', '2023-12-30', '6:20PM', 'Paid');

-- --------------------------------------------------------

--
-- Table structure for table `reservation`
--

CREATE TABLE `reservation` (
  `reservationID` int(5) NOT NULL,
  `reservationDate` date NOT NULL,
  `reservationStartTime` time NOT NULL,
  `reservationEndTime` time NOT NULL,
  `reservationStatus` varchar(30) NOT NULL,
  `facilitiesID` int(5) NOT NULL,
  `ownerID` int(5) NOT NULL,
  `tenantID` int(5) NOT NULL,
  `paymentID` int(5) NOT NULL
) ENGINE=InnoDB DEFAULT CHARSET=utf8mb4 COLLATE=utf8mb4_general_ci;

--
-- Dumping data for table `reservation`
--

INSERT INTO `reservation` (`reservationID`, `reservationDate`, `reservationStartTime`, `reservationEndTime`, `reservationStatus`, `facilitiesID`, `ownerID`, `tenantID`, `paymentID`) VALUES
(1, '2023-12-23', '14:00:00', '16:00:00', 'Approved', 23, 9, 0, 0),
(2, '2023-12-23', '14:00:00', '16:00:00', 'Approved', 24, 9, 0, 0),
(3, '2023-12-23', '14:00:00', '20:00:00', 'Approved', 22, 9, 0, 17),
(4, '2023-12-23', '08:00:00', '10:00:00', 'Approved', 23, 9, 0, 0),
(5, '2023-12-23', '08:00:00', '10:00:00', 'Approved', 24, 9, 0, 0),
(6, '2023-12-23', '08:00:00', '14:00:00', 'Approved', 22, 0, 8, 18),
(7, '2023-12-23', '08:00:00', '16:00:00', 'Canceled', 25, 0, 8, 19),
(8, '2023-12-23', '20:00:00', '24:00:00', 'Canceled', 22, 9, 0, 20),
(9, '2023-12-23', '20:00:00', '24:00:00', 'Canceled', 22, 9, 0, 21),
(10, '2023-12-23', '16:00:00', '22:00:00', 'Canceled', 25, 9, 0, 22),
(11, '2023-12-23', '16:00:00', '22:00:00', 'Approved', 25, 9, 0, 23),
(12, '2023-12-24', '08:00:00', '10:00:00', 'Approved', 26, 10, 0, 0),
(13, '2023-12-24', '10:00:00', '12:00:00', 'Approved', 27, 10, 0, 0),
(14, '2023-12-24', '18:00:00', '24:00:00', 'Canceled', 28, 10, 0, 24),
(15, '2023-12-24', '18:00:00', '24:00:00', 'Approved', 28, 10, 0, 25),
(16, '2023-12-24', '18:00:00', '24:00:00', 'Canceled', 29, 10, 0, 26),
(17, '2023-12-27', '18:00:00', '20:00:00', 'Approved', 3, 1, 0, 0),
(18, '2023-12-27', '20:00:00', '24:00:00', 'Canceled', 2, 1, 0, 29),
(19, '2023-12-31', '19:00:00', '24:00:00', 'Canceled', 2, 1, 0, 30),
(20, '2023-12-31', '16:00:00', '23:00:00', 'Approved', 5, 1, 0, 31);

-- --------------------------------------------------------

--
-- Table structure for table `tenant`
--

CREATE TABLE `tenant` (
  `tenantID` int(10) NOT NULL,
  `ownerID` int(10) NOT NULL,
  `houseID` int(10) NOT NULL,
  `condoID` int(10) NOT NULL,
  `tenantName` varchar(50) NOT NULL,
  `tenantIC` varchar(12) NOT NULL,
  `tenantAge` int(3) NOT NULL,
  `tenantPhone` varchar(12) NOT NULL,
  `tenantEmail` varchar(50) NOT NULL,
  `tenantGender` varchar(10) NOT NULL,
  `startDate` varchar(20) NOT NULL,
  `endDate` varchar(20) NOT NULL,
  `tenantPassword` varchar(100) NOT NULL,
  `tenantStatus` varchar(15) NOT NULL
) ENGINE=InnoDB DEFAULT CHARSET=utf8mb4 COLLATE=utf8mb4_general_ci;

--
-- Dumping data for table `tenant`
--

INSERT INTO `tenant` (`tenantID`, `ownerID`, `houseID`, `condoID`, `tenantName`, `tenantIC`, `tenantAge`, `tenantPhone`, `tenantEmail`, `tenantGender`, `startDate`, `endDate`, `tenantPassword`, `tenantStatus`) VALUES
(1, 8, 132, 2, 'Kong Men As', '012948302912', 23, '01289389212', 'menas@gmail.com', 'Male', '2023-12-21', '', 'd288dbd00c8f7cd195d3fb7ff2f3e89e', 'Available'),
(2, 8, 132, 2, 'Kang Men Heng', '028302938212', 23, '0128393231', 'menheng@gmail.com', 'Female', '2023-12-21', '', '2077e6ea547bc30eebe87727b9a3250b', 'Available'),
(3, 1, 1, 1, 'Heng Xiao Meng', '012903912121', 29, '01299382931', 'xiao@gmail.com', 'Male', '2023-12-21', '', '2077e6ea547bc30eebe87727b9a3250b', 'Available'),
(4, 1, 1, 1, 'Shan Men Kong', '023892819221', 23, '0129038912', 'menkong@gmail.com', 'Male', '2023-12-21', '', '2077e6ea547bc30eebe87727b9a3250b', 'Available'),
(5, 1, 1, 1, 'Qin We Men', '028302821232', 30, '0128932923', 'men@gmail.com', 'Male', '2023-12-21', '', '2077e6ea547bc30eebe87727b9a3250b', 'Available'),
(6, 5, 385, 3, 'An Men Jan', '029302912321', 23, '0129028122', 'menjan@gmail.com', 'Female', '2023-12-21', '', '2077e6ea547bc30eebe87727b9a3250b', 'Available'),
(7, 5, 385, 3, 'Sa Jon Kong', '028302912321', 23, '0199212312', 'kong@gmail.com', 'Female', '2023-12-21', '', '2077e6ea547bc30eebe87727b9a3250b', 'Available'),
(8, 9, 641, 7, 'Jing Wen', '020101101010', 20, '0122233445', 'chinyongcheng1@gmail.com', 'Other', '2023-12-21', '2023-12-21', 'd288dbd00c8f7cd195d3fb7ff2f3e89e', 'Unavailable'),
(9, 9, 1000, 7, 'Ting Ann', '010101010101', 20, '0122233445', 'chinyongcheng2@gmail.com', 'Other', '2023-12-21', '', 'd288dbd00c8f7cd195d3fb7ff2f3e89e', 'Available'),
(10, 9, 1000, 7, 'Ting Hen Sen', '991010012101', 18, '0122233445', 'tinghensen@gmail.com', 'Male', '2023-12-22', '', 'd288dbd00c8f7cd195d3fb7ff2f3e89e', 'Available'),
(11, 10, 1289, 8, 'Chin Tenant', '010101200101', 20, '0122233445', 'chinyongcheng10@gmail.com', 'Male', '2023-12-22', '2023-12-22', 'd288dbd00c8f7cd195d3fb7ff2f3e89e', 'Unavailable'),
(12, 10, 1289, 8, 'Te JJI KI', '010101020202', 20, '0122233445', 'chinyongcheng20@gmail.com', 'Male', '2023-12-22', '', 'd288dbd00c8f7cd195d3fb7ff2f3e89e', 'Available'),
(13, 11, 1290, 8, 'Tin Yon Lee', '020202101020', 20, '0122233445', 'chinyongcheng30@gmail.com', 'Male', '2023-12-22', '', 'd288dbd00c8f7cd195d3fb7ff2f3e89e', 'Available'),
(14, 11, 1290, 8, 'Di Hin Long', '020101011010', 20, '0122233445', 'chinyongcheng40@gmail.com', 'Male', '2023-12-22', '', 'd288dbd00c8f7cd195d3fb7ff2f3e89e', 'Available');

-- --------------------------------------------------------

--
-- Table structure for table `visitor`
--

CREATE TABLE `visitor` (
  `visitorID` int(5) NOT NULL,
  `visitorName` varchar(30) NOT NULL,
  `visitorContact` varchar(30) NOT NULL,
  `visitorIC` varchar(30) NOT NULL,
  `visitorCarpark` varchar(30) NOT NULL,
  `visitDate` date NOT NULL,
  `visitTime` time NOT NULL,
  `visitorCarNo` varchar(30) NOT NULL,
  `visitorStatus` varchar(20) NOT NULL,
  `ownerID` int(5) NOT NULL,
  `tenantID` int(5) NOT NULL
) ENGINE=InnoDB DEFAULT CHARSET=utf8mb4 COLLATE=utf8mb4_general_ci;

--
-- Dumping data for table `visitor`
--

INSERT INTO `visitor` (`visitorID`, `visitorName`, `visitorContact`, `visitorIC`, `visitorCarpark`, `visitDate`, `visitTime`, `visitorCarNo`, `visitorStatus`, `ownerID`, `tenantID`) VALUES
(2, 'yong cheng', '0123322323', '010120101011', 'N', '2023-12-22', '19:00:00', '-', 'Canceled', 7, 0),
(3, 'My Friend', '0123322323', '010120101011', 'Y', '2023-12-21', '10:00:00', 'JJJ 1233', 'Visited', 0, 5),
(4, 'DENNN GI', '0123322323', '010120101011', 'N', '2023-12-20', '12:00:00', '-', 'Canceled', 7, 0),
(5, 'DENNN GI', '0123322323', '010120101011', 'N', '2023-12-21', '12:00:00', '-', 'Visited', 0, 5),
(6, 'DENNN GI', '0123322323', '010120101011', 'Y', '2023-12-22', '09:00:00', 'JMM 2022', 'Canceled', 4, 0),
(7, 'DENNN LIe', '0123322323', '010120101011', 'N', '2023-12-21', '15:00:00', '-', 'Canceled', 0, 5),
(8, 'Chen Li', '0133304123', '010120101011', 'Y', '2023-12-23', '11:00:00', 'VKL 2013', 'Canceled', 4, 0),
(9, 'Ghen Li', '0133304123', '010120101011', 'N', '2023-12-22', '20:00:00', '-', 'Canceled', 0, 8),
(10, 'Then Tan', '0133304123', '010120101011', 'Y', '2023-12-22', '20:00:00', 'KKL 2020', 'Canceled', 0, 8),
(11, 'Tin Ting Ting', '0122034979', '001212011212', 'Y', '2023-12-22', '13:00:00', 'AAB 9982', 'Visited', 9, 0),
(12, 'New Visitor', '0122034979', '001212011212', 'Y', '2023-12-22', '21:00:00', 'KKL 1922', 'Visited', 10, 0),
(13, 'DENNN NEW', '0122034979', '001212011212', 'N', '2023-12-21', '14:00:00', '-', 'Canceled', 10, 0),
(14, 'DEGG GII', '0123322323', '020101101989', 'N', '2023-12-30', '13:00:00', '-', 'Pending', 1, 0);

--
-- Indexes for dumped tables
--

--
-- Indexes for table `admin`
--
ALTER TABLE `admin`
  ADD PRIMARY KEY (`adminID`);

--
-- Indexes for table `announcement`
--
ALTER TABLE `announcement`
  ADD PRIMARY KEY (`announcementID`);

--
-- Indexes for table `carpark`
--
ALTER TABLE `carpark`
  ADD PRIMARY KEY (`carParkID`);

--
-- Indexes for table `company`
--
ALTER TABLE `company`
  ADD PRIMARY KEY (`companyID`);

--
-- Indexes for table `condominium`
--
ALTER TABLE `condominium`
  ADD PRIMARY KEY (`condoID`);

--
-- Indexes for table `emergencycontact`
--
ALTER TABLE `emergencycontact`
  ADD PRIMARY KEY (`ecID`);

--
-- Indexes for table `facilities`
--
ALTER TABLE `facilities`
  ADD PRIMARY KEY (`facilitiesID`);

--
-- Indexes for table `family`
--
ALTER TABLE `family`
  ADD PRIMARY KEY (`familyID`);

--
-- Indexes for table `house`
--
ALTER TABLE `house`
  ADD PRIMARY KEY (`houseID`);

--
-- Indexes for table `maintenance`
--
ALTER TABLE `maintenance`
  ADD PRIMARY KEY (`maintenanceID`);

--
-- Indexes for table `owner`
--
ALTER TABLE `owner`
  ADD PRIMARY KEY (`ownerID`);

--
-- Indexes for table `payment`
--
ALTER TABLE `payment`
  ADD PRIMARY KEY (`paymentID`);

--
-- Indexes for table `receipt`
--
ALTER TABLE `receipt`
  ADD PRIMARY KEY (`receiptID`);

--
-- Indexes for table `reservation`
--
ALTER TABLE `reservation`
  ADD PRIMARY KEY (`reservationID`);

--
-- Indexes for table `tenant`
--
ALTER TABLE `tenant`
  ADD PRIMARY KEY (`tenantID`);

--
-- Indexes for table `visitor`
--
ALTER TABLE `visitor`
  ADD PRIMARY KEY (`visitorID`);

--
-- AUTO_INCREMENT for dumped tables
--

--
-- AUTO_INCREMENT for table `admin`
--
ALTER TABLE `admin`
  MODIFY `adminID` int(10) NOT NULL AUTO_INCREMENT, AUTO_INCREMENT=9;

--
-- AUTO_INCREMENT for table `announcement`
--
ALTER TABLE `announcement`
  MODIFY `announcementID` int(5) NOT NULL AUTO_INCREMENT, AUTO_INCREMENT=19;

--
-- AUTO_INCREMENT for table `carpark`
--
ALTER TABLE `carpark`
  MODIFY `carParkID` int(10) NOT NULL AUTO_INCREMENT, AUTO_INCREMENT=563;

--
-- AUTO_INCREMENT for table `company`
--
ALTER TABLE `company`
  MODIFY `companyID` int(5) NOT NULL AUTO_INCREMENT, AUTO_INCREMENT=4;

--
-- AUTO_INCREMENT for table `condominium`
--
ALTER TABLE `condominium`
  MODIFY `condoID` int(5) NOT NULL AUTO_INCREMENT, AUTO_INCREMENT=9;

--
-- AUTO_INCREMENT for table `emergencycontact`
--
ALTER TABLE `emergencycontact`
  MODIFY `ecID` int(5) NOT NULL AUTO_INCREMENT, AUTO_INCREMENT=8;

--
-- AUTO_INCREMENT for table `facilities`
--
ALTER TABLE `facilities`
  MODIFY `facilitiesID` int(5) NOT NULL AUTO_INCREMENT, AUTO_INCREMENT=32;

--
-- AUTO_INCREMENT for table `family`
--
ALTER TABLE `family`
  MODIFY `familyID` int(10) NOT NULL AUTO_INCREMENT, AUTO_INCREMENT=3;

--
-- AUTO_INCREMENT for table `house`
--
ALTER TABLE `house`
  MODIFY `houseID` int(10) NOT NULL AUTO_INCREMENT, AUTO_INCREMENT=1793;

--
-- AUTO_INCREMENT for table `maintenance`
--
ALTER TABLE `maintenance`
  MODIFY `maintenanceID` int(10) NOT NULL AUTO_INCREMENT, AUTO_INCREMENT=8;

--
-- AUTO_INCREMENT for table `owner`
--
ALTER TABLE `owner`
  MODIFY `ownerID` int(10) NOT NULL AUTO_INCREMENT, AUTO_INCREMENT=12;

--
-- AUTO_INCREMENT for table `payment`
--
ALTER TABLE `payment`
  MODIFY `paymentID` int(10) NOT NULL AUTO_INCREMENT, AUTO_INCREMENT=32;

--
-- AUTO_INCREMENT for table `receipt`
--
ALTER TABLE `receipt`
  MODIFY `receiptID` int(10) NOT NULL AUTO_INCREMENT, AUTO_INCREMENT=9;

--
-- AUTO_INCREMENT for table `reservation`
--
ALTER TABLE `reservation`
  MODIFY `reservationID` int(5) NOT NULL AUTO_INCREMENT, AUTO_INCREMENT=21;

--
-- AUTO_INCREMENT for table `tenant`
--
ALTER TABLE `tenant`
  MODIFY `tenantID` int(10) NOT NULL AUTO_INCREMENT, AUTO_INCREMENT=15;

--
-- AUTO_INCREMENT for table `visitor`
--
ALTER TABLE `visitor`
  MODIFY `visitorID` int(5) NOT NULL AUTO_INCREMENT, AUTO_INCREMENT=15;
COMMIT;

/*!40101 SET CHARACTER_SET_CLIENT=@OLD_CHARACTER_SET_CLIENT */;
/*!40101 SET CHARACTER_SET_RESULTS=@OLD_CHARACTER_SET_RESULTS */;
/*!40101 SET COLLATION_CONNECTION=@OLD_COLLATION_CONNECTION */;
